Route,Location,URL,"Avg Stars","Your Stars","Route Type",Rating,Pitches,Length,"Area Latitude","Area Longitude"
"Northeast Arete","Bridge Mountain > Icebox Canyon > Red Rocks > Southern Nevada > Nevada",https://www.mountainproject.com/route/105732404/northeast-arete,3.4,-1,Trad,5.5,5,800,36.13171,-115.50169
"Blue Bunny","Frigid Air Buttress > Icebox Canyon > Red Rocks > Southern Nevada > Nevada",https://www.mountainproject.com/route/107616415/blue-bunny,1.6,-1,Trad,5.7,1,150,36.14396,-115.49249
"Middle Earth","Frigid Air Buttress > Icebox Canyon > Red Rocks > Southern Nevada > Nevada",https://www.mountainproject.com/route/105733073/middle-earth,2.5,-1,Trad,5.9,6,600,36.14396,-115.49249
Burlesque,"Frigid Air Buttress > Icebox Canyon > Red Rocks > Southern Nevada > Nevada",https://www.mountainproject.com/route/105820832/burlesque,2.7,-1,Trad,5.9,4,400,36.14396,-115.49249
"Tookish Instincts","Frigid Air Buttress > Icebox Canyon > Red Rocks > Southern Nevada > Nevada",https://www.mountainproject.com/route/116634342/tookish-instincts,2.0,-1,Trad,5.9,8,700,36.14396,-115.49249
"Linda's Route","Frigid Air Buttress > Icebox Canyon > Red Rocks > Southern Nevada > Nevada",https://www.mountainproject.com/route/110553462/lindas-route,2.7,-1,Trad,5.9+,8,1000,36.14396,-115.49249
"Frigid Air Buttress","Frigid Air Buttress > Icebox Canyon > Red Rocks > Southern Nevada > Nevada",https://www.mountainproject.com/route/105732470/frigid-air-buttress,3.2,-1,Trad,5.9+,7,800,36.14396,-115.49249
"One More For Jules!","Necromancer Wall > Icebox Canyon > Red Rocks > Southern Nevada > Nevada",https://www.mountainproject.com/route/105733094/one-more-for-jules,0.7,-1,Trad,5.6,2,320,36.144,-115.49069
"Hop Route","Necromancer Wall > Icebox Canyon > Red Rocks > Southern Nevada > Nevada",https://www.mountainproject.com/route/105732596/hop-route,2.4,-1,Trad,5.7+,3,250,36.144,-115.49069
"Fold Out","Necromancer Wall > Icebox Canyon > Red Rocks > Southern Nevada > Nevada",https://www.mountainproject.com/route/105732605/fold-out,2.7,-1,Trad,5.8,1,120,36.144,-115.49069
"Follow the Seance","Necromancer Wall > Icebox Canyon > Red Rocks > Southern Nevada > Nevada",https://www.mountainproject.com/route/123036647/follow-the-seance,2.0,-1,Trad,5.8,3,300,36.144,-115.49069
"Grave Situation","Necromancer Wall > Icebox Canyon > Red Rocks > Southern Nevada > Nevada",https://www.mountainproject.com/route/123037206/grave-situation,1.5,-1,Trad,5.8,3,300,36.144,-115.49069
"Sensuous Mortician","Necromancer Wall > Icebox Canyon > Red Rocks > Southern Nevada > Nevada",https://www.mountainproject.com/route/105732602/sensuous-mortician,3.1,-1,Trad,5.9,1,120,36.144,-115.49069
Atras,"Necromancer Wall > Icebox Canyon > Red Rocks > Southern Nevada > Nevada",https://www.mountainproject.com/route/105732926/atras,2.9,-1,Trad,5.9,2,200,36.144,-115.49069
"Back in Time","Necromancer Wall > Icebox Canyon > Red Rocks > Southern Nevada > Nevada",https://www.mountainproject.com/route/107903955/back-in-time,3.6,-1,Trad,5.10a,1,120,36.144,-115.49069
"Black Magic Panties","Necromancer Wall > Icebox Canyon > Red Rocks > Southern Nevada > Nevada",https://www.mountainproject.com/route/105732599/black-magic-panties,2.7,-1,Trad,"5.10- R",1,120,36.144,-115.49069
"Shady Ladies","Sunnyside Crags > Icebox Canyon > Red Rocks > Southern Nevada > Nevada",https://www.mountainproject.com/route/105732749/shady-ladies,2.3,-1,Trad,5.7,1,100,36.145,-115.49403
"Van Allen Belt","Sunnyside Crags > Icebox Canyon > Red Rocks > Southern Nevada > Nevada",https://www.mountainproject.com/route/105732752/van-allen-belt,2.0,-1,Trad,"5.7 R",1,50,36.145,-115.49403
"Cold September Corner","Sunnyside Crags > Icebox Canyon > Red Rocks > Southern Nevada > Nevada",https://www.mountainproject.com/route/105732746/cold-september-corner,3.3,-1,Trad,5.8,1,60,36.145,-115.49403
"Fork In The Road","Sunnyside Crags > Icebox Canyon > Red Rocks > Southern Nevada > Nevada",https://www.mountainproject.com/route/125294216/fork-in-the-road,2.0,-1,Trad,5.8,1,90,36.145,-115.49403
"Adapt and Overcome","Sunnyside Crags > Icebox Canyon > Red Rocks > Southern Nevada > Nevada",https://www.mountainproject.com/route/116688459/adapt-and-overcome,2.5,-1,Trad,"5.8 PG13",1,100,36.145,-115.49403
"Aesop’s Arete","Sunnyside Crags > Icebox Canyon > Red Rocks > Southern Nevada > Nevada",https://www.mountainproject.com/route/117952618/aesops-arete,2.7,-1,Trad,5.9,1,100,36.145,-115.49403
"Magellanic Cloud","Sunnyside Crags > Icebox Canyon > Red Rocks > Southern Nevada > Nevada",https://www.mountainproject.com/route/105732755/magellanic-cloud,3.0,-1,Trad,5.9,1,50,36.145,-115.49403
"Mister Masters","Sunnyside Crags > Icebox Canyon > Red Rocks > Southern Nevada > Nevada",https://www.mountainproject.com/route/105733163/mister-masters,3.3,-1,Trad,5.9+,1,70,36.145,-115.49403
"Starless and Bible Black","Sunnyside Crags > Icebox Canyon > Red Rocks > Southern Nevada > Nevada",https://www.mountainproject.com/route/117952585/starless-and-bible-black,2.8,-1,Trad,5.9+,1,100,36.145,-115.49403
"Blast From the Past","Sunnyside Crags > Icebox Canyon > Red Rocks > Southern Nevada > Nevada",https://www.mountainproject.com/route/113885778/blast-from-the-past,2.0,-1,Trad,5.10-,1,115,36.145,-115.49403
"Tie me Tightly","Sunnyside Crags > Icebox Canyon > Red Rocks > Southern Nevada > Nevada",https://www.mountainproject.com/route/105946280/tie-me-tightly,2.5,-1,Trad,5.10-,1,90,36.145,-115.49403
"Pork Soda","Refrigerator Wall > Icebox Canyon > Red Rocks > Southern Nevada > Nevada",https://www.mountainproject.com/route/107131186/pork-soda,1.5,-1,Trad,5.9,1,90,36.1437,-115.49583
"Amazing Grace","Refrigerator Wall > Icebox Canyon > Red Rocks > Southern Nevada > Nevada",https://www.mountainproject.com/route/105964367/amazing-grace,2.9,-1,Trad,"5.9+ PG13",1,110,36.1437,-115.49583
"Weenie Juice","Refrigerator Wall > Icebox Canyon > Red Rocks > Southern Nevada > Nevada",https://www.mountainproject.com/route/107771341/weenie-juice,3.6,-1,Trad,5.10a,1,160,36.1437,-115.49583
"Greased Lightning","Refrigerator Wall > Icebox Canyon > Red Rocks > Southern Nevada > Nevada",https://www.mountainproject.com/route/105796602/greased-lightning,3.4,-1,Trad,"5.10- R",1,200,36.1437,-115.49583
"Drat Crack","Upper Sunnyside Crag > Icebox Canyon > Red Rocks > Southern Nevada > Nevada",https://www.mountainproject.com/route/105733088/drat-crack,2.3,-1,Trad,5.9-,1,140,36.14466,-115.49744
"Good-Time Charlie","Upper Sunnyside Crag > Icebox Canyon > Red Rocks > Southern Nevada > Nevada",https://www.mountainproject.com/route/105733097/good-time-charlie,2.5,-1,Trad,5.9,1,140,36.14466,-115.49744
"Hot Time","Upper Sunnyside Crag > Icebox Canyon > Red Rocks > Southern Nevada > Nevada",https://www.mountainproject.com/route/107413648/hot-time,2.5,-1,Trad,5.9+,2,250,36.14466,-115.49744
"Lebanese NoNo","Smears for Fears Area > Icebox Canyon > Red Rocks > Southern Nevada > Nevada",https://www.mountainproject.com/route/109703639/lebanese-nono,2.0,-1,Trad,5.7,1,80,36.14407,-115.49278
"Lebanese JoJo","Smears for Fears Area > Icebox Canyon > Red Rocks > Southern Nevada > Nevada",https://www.mountainproject.com/route/105822631/lebanese-jojo,2.9,-1,Trad,5.9+,2,200,36.14407,-115.49278
Grumblefish,"Smears for Fears Area > Icebox Canyon > Red Rocks > Southern Nevada > Nevada",https://www.mountainproject.com/route/116164988/grumblefish,1.5,-1,Trad,5.10a,1,100,36.14407,-115.49278
"Romeo Charlie","Smears for Fears Area > Icebox Canyon > Red Rocks > Southern Nevada > Nevada",https://www.mountainproject.com/route/116794855/romeo-charlie,3.0,-1,Trad,"5.10a R",1,130,36.14407,-115.49278
Armadiller,"Creature Feature Area > Icebox Canyon > Red Rocks > Southern Nevada > Nevada",https://www.mountainproject.com/route/107876459/armadiller,-1.0,-1,Trad,5.6,1,100,36.14364,-115.50118
"Creature Feature","Creature Feature Area > Icebox Canyon > Red Rocks > Southern Nevada > Nevada",https://www.mountainproject.com/route/107861889/creature-feature,2.0,-1,Trad,5.8,3,350,36.14364,-115.50118
"Spit upon my plates","Creature Feature Area > Icebox Canyon > Red Rocks > Southern Nevada > Nevada",https://www.mountainproject.com/route/107876371/spit-upon-my-plates,-1.0,-1,Trad,5.8,4,350,36.14364,-115.50118
"Dogleg Crack","NE Buttress of Bridge Mountain > Icebox Canyon > Red Rocks > Southern Nevada > Nevada",https://www.mountainproject.com/route/105732929/dogleg-crack,2.3,-1,Trad,5.8,2,200,36.144,-115.48739
"Hodor Said Hodor","NE Buttress of Bridge Mountain > Icebox Canyon > Red Rocks > Southern Nevada > Nevada",https://www.mountainproject.com/route/108092365/hodor-said-hodor,1.3,-1,Trad,"5.9 PG13",5,500,36.144,-115.48739
How-ard,"Cauldron Wall > Icebox Canyon > Red Rocks > Southern Nevada > Nevada",https://www.mountainproject.com/route/121584634/how-ard,2.5,-1,Trad,5.9,1,130,36.1423,-115.49143
Waterboys,"Cauldron Wall > Icebox Canyon > Red Rocks > Southern Nevada > Nevada",https://www.mountainproject.com/route/112081249/waterboys,3.5,-1,Trad,5.10a,3,400,36.1423,-115.49143
"Tarkus Crack","Tiki Cliff > Icebox Canyon > Red Rocks > Southern Nevada > Nevada",https://www.mountainproject.com/route/113478032/tarkus-crack,3.1,-1,Trad,5.8-,1,45,36.14312,-115.49095
"Lumpy arete","Tiki Cliff > Icebox Canyon > Red Rocks > Southern Nevada > Nevada",https://www.mountainproject.com/route/119176288/lumpy-arete,2.8,-1,Trad,5.8,1,180,36.14312,-115.49095
"First Grader","The Rad Cliff > Whiskey Peak > Black Velvet Canyon > Red Rocks > Southern Nevada > Nevada",https://www.mountainproject.com/route/105732626/first-grader,1.0,-1,Trad,5.6,1,100,36.03248,-115.4618
"The Fright of the Phoenix","The Rad Cliff > Whiskey Peak > Black Velvet Canyon > Red Rocks > Southern Nevada > Nevada",https://www.mountainproject.com/route/105732476/the-fright-of-the-phoenix,1.9,-1,Trad,5.7,2,220,36.03248,-115.4618
"Diagon Alley","The Rad Cliff > Whiskey Peak > Black Velvet Canyon > Red Rocks > Southern Nevada > Nevada",https://www.mountainproject.com/route/105732581/diagon-alley,1.6,-1,Trad,5.7,1,90,36.03248,-115.4618
"Back to Basics","The Rad Cliff > Whiskey Peak > Black Velvet Canyon > Red Rocks > Southern Nevada > Nevada",https://www.mountainproject.com/route/105732623/back-to-basics,2.2,-1,Trad,5.7,1,100,36.03248,-115.4618
"The Chamber of Secrets","The Rad Cliff > Whiskey Peak > Black Velvet Canyon > Red Rocks > Southern Nevada > Nevada",https://www.mountainproject.com/route/105732923/the-chamber-of-secrets,2.7,-1,Trad,5.7,2,200,36.03248,-115.4618
"Falling Rein","The Rad Cliff > Whiskey Peak > Black Velvet Canyon > Red Rocks > Southern Nevada > Nevada",https://www.mountainproject.com/route/106285668/falling-rein,1.8,-1,Trad,5.7,2,200,36.03248,-115.4618
"Basilisk Fang","The Rad Cliff > Whiskey Peak > Black Velvet Canyon > Red Rocks > Southern Nevada > Nevada",https://www.mountainproject.com/route/106408841/basilisk-fang,1.9,-1,Trad,5.7,1,140,36.03248,-115.4618
"Get Rad","The Rad Cliff > Whiskey Peak > Black Velvet Canyon > Red Rocks > Southern Nevada > Nevada",https://www.mountainproject.com/route/107889970/get-rad,3.6,-1,Trad,5.8,1,150,36.03248,-115.4618
"Cadillac Crack","The Rad Cliff > Whiskey Peak > Black Velvet Canyon > Red Rocks > Southern Nevada > Nevada",https://www.mountainproject.com/route/105732449/cadillac-crack,3.7,-1,Trad,5.9,1,130,36.03248,-115.4618
"Azkaban Jam","The Rad Cliff > Whiskey Peak > Black Velvet Canyon > Red Rocks > Southern Nevada > Nevada",https://www.mountainproject.com/route/105732464/azkaban-jam,2.1,-1,Trad,5.9,1,140,36.03248,-115.4618
"Rita Skeeter","The Rad Cliff > Whiskey Peak > Black Velvet Canyon > Red Rocks > Southern Nevada > Nevada",https://www.mountainproject.com/route/105732572/rita-skeeter,3.0,-1,Trad,"5.9 R",1,120,36.03248,-115.4618
"Dark Arts","The Rad Cliff > Whiskey Peak > Black Velvet Canyon > Red Rocks > Southern Nevada > Nevada",https://www.mountainproject.com/route/105732575/dark-arts,2.6,-1,Trad,5.9,1,120,36.03248,-115.4618
"Moaning Myrtle","The Rad Cliff > Whiskey Peak > Black Velvet Canyon > Red Rocks > Southern Nevada > Nevada",https://www.mountainproject.com/route/105732578/moaning-myrtle,1.0,-1,Trad,5.9,1,120,36.03248,-115.4618
Microbrew,"Whiskey Peak - East > Whiskey Peak > Black Velvet Canyon > Red Rocks > Southern Nevada > Nevada",https://www.mountainproject.com/route/105732593/microbrew,2.1,-1,Trad,5.5,1,150,36.03413,-115.46152
Pickleback,"Whiskey Peak - East > Whiskey Peak > Black Velvet Canyon > Red Rocks > Southern Nevada > Nevada",https://www.mountainproject.com/route/202818502/pickleback,2.0,-1,Trad,5.6,1,90,36.03413,-115.46152
"The Speakeasy","Whiskey Peak - East > Whiskey Peak > Black Velvet Canyon > Red Rocks > Southern Nevada > Nevada",https://www.mountainproject.com/route/202817787/the-speakeasy,2.0,-1,Trad,5.7,3,500,36.03413,-115.46152
"Lazy Buttress","Whiskey Peak - East > Whiskey Peak > Black Velvet Canyon > Red Rocks > Southern Nevada > Nevada",https://www.mountainproject.com/route/105732833/lazy-buttress,2.4,-1,Trad,"5.7 R",3,400,36.03413,-115.46152
"Ballantine Blast","Whiskey Peak - East > Whiskey Peak > Black Velvet Canyon > Red Rocks > Southern Nevada > Nevada",https://www.mountainproject.com/route/105732974/ballantine-blast,2.1,-1,Trad,5.7,3,400,36.03413,-115.46152
"Schaeffer's Delight","Whiskey Peak - East > Whiskey Peak > Black Velvet Canyon > Red Rocks > Southern Nevada > Nevada",https://www.mountainproject.com/route/105732497/schaeffers-delight,2.6,-1,Trad,5.8-,3,400,36.03413,-115.46152
"Crown Royal","Whiskey Peak - East > Whiskey Peak > Black Velvet Canyon > Red Rocks > Southern Nevada > Nevada",https://www.mountainproject.com/route/105732905/crown-royal,2.5,-1,Trad,5.8,5,500,36.03413,-115.46152
"Gentle Ben's Afternoon Delight","Whiskey Peak - East > Whiskey Peak > Black Velvet Canyon > Red Rocks > Southern Nevada > Nevada",https://www.mountainproject.com/route/105732977/gentle-bens-afternoon-delight,1.7,-1,Trad,5.8,4,500,36.03413,-115.46152
"Shaken, Not Stirred","Whiskey Peak - East > Whiskey Peak > Black Velvet Canyon > Red Rocks > Southern Nevada > Nevada",https://www.mountainproject.com/route/105732971/shaken-not-stirred,1.0,-1,Trad,5.9,3,300,36.03413,-115.46152
Frogland,"North Face > Whiskey Peak > Black Velvet Canyon > Red Rocks > Southern Nevada > Nevada",https://www.mountainproject.com/route/105732398/frogland,3.6,-1,Trad,5.8,6,700,36.03509,-115.46345
"Bourbon Street","North Face > Whiskey Peak > Black Velvet Canyon > Red Rocks > Southern Nevada > Nevada",https://www.mountainproject.com/route/105732899/bourbon-street,2.7,-1,Trad,5.8,7,710,36.03509,-115.46345
"Canadian Club","North Face > Whiskey Peak > Black Velvet Canyon > Red Rocks > Southern Nevada > Nevada",https://www.mountainproject.com/route/105733064/canadian-club,1.8,-1,Trad,5.8,5,,36.03509,-115.46345
"Bourbon Hangover","North Face > Whiskey Peak > Black Velvet Canyon > Red Rocks > Southern Nevada > Nevada",https://www.mountainproject.com/route/106897616/bourbon-hangover,2.6,-1,Trad,5.8+,6,,36.03509,-115.46345
"The Misunderstanding","North Face > Whiskey Peak > Black Velvet Canyon > Red Rocks > Southern Nevada > Nevada",https://www.mountainproject.com/route/105732881/the-misunderstanding,3.1,-1,Trad,5.9,2,160,36.03509,-115.46345
"Rain Dance","North Face > Whiskey Peak > Black Velvet Canyon > Red Rocks > Southern Nevada > Nevada",https://www.mountainproject.com/route/107273805/rain-dance,2.9,-1,Trad,5.10a,1,130,36.03509,-115.46345
"Closed on Monday","North Face > Whiskey Peak > Black Velvet Canyon > Red Rocks > Southern Nevada > Nevada",https://www.mountainproject.com/route/119696653/closed-on-monday,2.9,-1,Trad,5.10a,1,50,36.03509,-115.46345
Sandblast,"North Face > Whiskey Peak > Black Velvet Canyon > Red Rocks > Southern Nevada > Nevada",https://www.mountainproject.com/route/110336648/sandblast,2.1,-1,Trad,"5.10- R",2,320,36.03509,-115.46345
"Two in the Busch","The Monument > Black Velvet Canyon > Red Rocks > Southern Nevada > Nevada",https://www.mountainproject.com/route/116571085/two-in-the-busch,2.3,-1,Trad,5.9,3,250,36.03897,-115.46096
"Headlamp Mechanics","The Monument > Black Velvet Canyon > Red Rocks > Southern Nevada > Nevada",https://www.mountainproject.com/route/120039381/headlamp-mechanics,3.5,-1,Trad,5.9,1,110,36.03897,-115.46096
"Bone Saw","The Monument > Black Velvet Canyon > Red Rocks > Southern Nevada > Nevada",https://www.mountainproject.com/route/120047352/bone-saw,2.5,-1,Trad,5.10a,1,55,36.03897,-115.46096
"Step Into The Squeezer","The Monument > Black Velvet Canyon > Red Rocks > Southern Nevada > Nevada",https://www.mountainproject.com/route/107483384/step-into-the-squeezer,2.7,-1,Trad,5.10-,1,100,36.03897,-115.46096
Dogland,"Burlap Buttress > Black Velvet Canyon > Red Rocks > Southern Nevada > Nevada",https://www.mountainproject.com/route/125112228/dogland,2.5,-1,Trad,5.7+,6,700,36.03705,-115.46378
Teabob,"Burlap Buttress > Black Velvet Canyon > Red Rocks > Southern Nevada > Nevada",https://www.mountainproject.com/route/105801156/teabob,1.0,-1,Trad,5.8+,3,300,36.03705,-115.46378
"Arrow Place","Burlap Buttress > Black Velvet Canyon > Red Rocks > Southern Nevada > Nevada",https://www.mountainproject.com/route/105732713/arrow-place,3.0,-1,Trad,5.9,2,180,36.03705,-115.46378
"Wish Bone","Burlap Buttress > Black Velvet Canyon > Red Rocks > Southern Nevada > Nevada",https://www.mountainproject.com/route/105732770/wish-bone,2.1,-1,Trad,"5.9 R",1,125,36.03705,-115.46378
"The Prism Corner","Burlap Buttress > Black Velvet Canyon > Red Rocks > Southern Nevada > Nevada",https://www.mountainproject.com/route/106129960/the-prism-corner,2.2,-1,Trad,5.9,1,60,36.03705,-115.46378
"Leaky Facet","Burlap Buttress > Black Velvet Canyon > Red Rocks > Southern Nevada > Nevada",https://www.mountainproject.com/route/120310553/leaky-facet,1.5,-1,Trad,5.9+,1,60,36.03705,-115.46378
"Poultroonicus aka Moving Over Stone","Burlap Buttress > Black Velvet Canyon > Red Rocks > Southern Nevada > Nevada",https://www.mountainproject.com/route/108557984/poultroonicus-aka-moving-over-stone,2.0,-1,Trad,5.10-,2,250,36.03705,-115.46378
"Malicious Mischief","Black Velvet Wall > Black Velvet Canyon > Red Rocks > Southern Nevada > Nevada",https://www.mountainproject.com/route/117830562/malicious-mischief,2.0,-1,Trad,"5.9 R",5,715,36.03518,-115.46652
"Refried Brains","Black Velvet Wall > Black Velvet Canyon > Red Rocks > Southern Nevada > Nevada",https://www.mountainproject.com/route/105732389/refried-brains,3.1,-1,Trad,5.9,4,800,36.03518,-115.46652
Epinephrine,"Black Velvet Wall > Black Velvet Canyon > Red Rocks > Southern Nevada > Nevada",https://www.mountainproject.com/route/105732422/epinephrine,3.9,-1,Trad,5.9,16,1600,36.03518,-115.46652
"Jugs on Drugs","Black Velvet Wall > Black Velvet Canyon > Red Rocks > Southern Nevada > Nevada",https://www.mountainproject.com/route/118814619/jugs-on-drugs,3.2,-1,Trad,5.9+,4,600,36.03518,-115.46652
"Dream of Wild Turkeys","Black Velvet Wall > Black Velvet Canyon > Red Rocks > Southern Nevada > Nevada",https://www.mountainproject.com/route/105732275/dream-of-wild-turkeys,3.6,-1,Trad,5.10a,11,700,36.03518,-115.46652
"Sour Mash","Black Velvet Wall > Black Velvet Canyon > Red Rocks > Southern Nevada > Nevada",https://www.mountainproject.com/route/105732407/sour-mash,3.6,-1,Trad,5.10a,7,600,36.03518,-115.46652
"Overhanging Hangover","Black Velvet Wall > Black Velvet Canyon > Red Rocks > Southern Nevada > Nevada",https://www.mountainproject.com/route/105732587/overhanging-hangover,3.0,-1,Trad,5.10a,2,200,36.03518,-115.46652
"The Gobbler","Black Velvet Wall > Black Velvet Canyon > Red Rocks > Southern Nevada > Nevada",https://www.mountainproject.com/route/105732347/the-gobbler,3.2,-1,Trad,5.10-,3,200,36.03518,-115.46652
"Circus Act","Western Spaces Wall > Black Velvet Canyon > Red Rocks > Southern Nevada > Nevada",https://www.mountainproject.com/route/109984701/circus-act,1.0,-1,"Trad, Aid","5.9 C0",1,150,36.03712,-115.47075
"Great Expectations","The Texas Wall / West Velvet Wall > Black Velvet Canyon > Red Rocks > Southern Nevada > Nevada",https://www.mountainproject.com/route/106689843/great-expectations,2.1,-1,Trad,"5.9 PG13",6,,36.03599,-115.46885
"Wax Cracks","The Texas Wall / West Velvet Wall > Black Velvet Canyon > Red Rocks > Southern Nevada > Nevada",https://www.mountainproject.com/route/119825243/wax-cracks,1.3,-1,Trad,5.9,5,550,36.03599,-115.46885
"Cactus Joe's Connection","Aeolian Wall > Mount Wilson > Red Rocks > Southern Nevada > Nevada",https://www.mountainproject.com/route/125287829/cactus-joes-connection,3.0,-1,Trad,5.7,3,400,36.09485,-115.48188
"Aeolian Wall (Original Route)","Aeolian Wall > Mount Wilson > Red Rocks > Southern Nevada > Nevada",https://www.mountainproject.com/route/106774667/aeolian-wall-original-route,3.3,-1,"Trad, Aid","5.9 A2",9,2000,36.09485,-115.48188
"Lady Wilson's Bush","Aeolian Wall > Mount Wilson > Red Rocks > Southern Nevada > Nevada",https://www.mountainproject.com/route/200273765/lady-wilsons-bush,2.3,-1,Trad,"5.9+ R",13,2200,36.09485,-115.48188
"Just Missed the Cleavage","Horseshoe Wall > Mount Wilson > Red Rocks > Southern Nevada > Nevada",https://www.mountainproject.com/route/112346740/just-missed-the-cleavage,2.0,-1,Trad,5.9,16,1500,36.09221,-115.48184
"Sentimental Journey","Horseshoe Wall > Mount Wilson > Red Rocks > Southern Nevada > Nevada",https://www.mountainproject.com/route/105732956/sentimental-journey,2.9,-1,Trad,5.9,15,2000,36.09221,-115.48184
"Lady Wilson's Cleavage","Horseshoe Wall > Mount Wilson > Red Rocks > Southern Nevada > Nevada",https://www.mountainproject.com/route/105797217/lady-wilsons-cleavage,3.0,-1,Trad,5.9,9,1000,36.09221,-115.48184
"Pink Tornado Left","Horseshoe Wall > Mount Wilson > Red Rocks > Southern Nevada > Nevada",https://www.mountainproject.com/route/106401072/pink-tornado-left,2.6,-1,Trad,5.9+,8,1000,36.09221,-115.48184
"Gwondonna Land Boogie","Horseshoe Wall > Mount Wilson > Red Rocks > Southern Nevada > Nevada",https://www.mountainproject.com/route/105732284/gwondonna-land-boogie,3.1,-1,Trad,5.10a/b,10,1000,36.09221,-115.48184
"Trial & Terror","Basin Wall and Outlaw Wall > Mount Wilson > Red Rocks > Southern Nevada > Nevada",https://www.mountainproject.com/route/106163581/trial-terror,2.3,-1,Trad,5.9+,7,1000,36.08774,-115.48075
"The Canadian Route","Basin Wall and Outlaw Wall > Mount Wilson > Red Rocks > Southern Nevada > Nevada",https://www.mountainproject.com/route/116815744/the-canadian-route,3.5,-1,Trad,5.10a,8,1200,36.08774,-115.48075
"Tickled Rib","Tickled Rib Buttress > Mount Wilson > Red Rocks > Southern Nevada > Nevada",https://www.mountainproject.com/route/114197019/tickled-rib,1.0,-1,"Trad, Alpine","5.8+ PG13",16,2000,36.08448,-115.47689
Limón,"Lower East Side > Mount Wilson > Red Rocks > Southern Nevada > Nevada",https://www.mountainproject.com/route/116779341/limon,2.0,-1,Trad,5.7,1,75,36.09263,-115.47962
"Bowery Bums","Lower East Side > Mount Wilson > Red Rocks > Southern Nevada > Nevada",https://www.mountainproject.com/route/114228158/bowery-bums,0.0,-1,Trad,"5.8 R",6,700,36.09263,-115.47962
"Lincoln Tunnel","Lower East Side > Mount Wilson > Red Rocks > Southern Nevada > Nevada",https://www.mountainproject.com/route/114228197/lincoln-tunnel,2.0,-1,Trad,5.8,4,400,36.09263,-115.47962
"Movin' On Up","Lower East Side > Mount Wilson > Red Rocks > Southern Nevada > Nevada",https://www.mountainproject.com/route/114228222/movin-on-up,3.0,-1,Trad,5.8,4,400,36.09263,-115.47962
"Canal Street","Lower East Side > Mount Wilson > Red Rocks > Southern Nevada > Nevada",https://www.mountainproject.com/route/114228247/canal-street,1.0,-1,Trad,5.8,3,400,36.09263,-115.47962
"Brooklyn Bridge","Lower East Side > Mount Wilson > Red Rocks > Southern Nevada > Nevada",https://www.mountainproject.com/route/114228269/brooklyn-bridge,2.0,-1,Trad,5.8,3,400,36.09263,-115.47962
"Working Class Heroes","Lower East Side > Mount Wilson > Red Rocks > Southern Nevada > Nevada",https://www.mountainproject.com/route/114228281/working-class-heroes,2.0,-1,Trad,5.8,4,400,36.09263,-115.47962
"Great Wide Way","Lower East Side > Mount Wilson > Red Rocks > Southern Nevada > Nevada",https://www.mountainproject.com/route/114228305/great-wide-way,2.0,-1,Trad,5.8,4,400,36.09263,-115.47962
Sal,"Lower East Side > Mount Wilson > Red Rocks > Southern Nevada > Nevada",https://www.mountainproject.com/route/116779249/sal,3.0,-1,Trad,5.8,1,80,36.09263,-115.47962
"Battery Park","Lower East Side > Mount Wilson > Red Rocks > Southern Nevada > Nevada",https://www.mountainproject.com/route/114228096/battery-park,2.0,-1,Trad,5.9,6,800,36.09263,-115.47962
"Uptown Hustler","Lower East Side > Mount Wilson > Red Rocks > Southern Nevada > Nevada",https://www.mountainproject.com/route/114228118/uptown-hustler,3.0,-1,Trad,5.9,6,800,36.09263,-115.47962
"Ten Dollar Toll","Lower East Side > Mount Wilson > Red Rocks > Southern Nevada > Nevada",https://www.mountainproject.com/route/114228178/ten-dollar-toll,1.0,-1,Trad,5.9,2,300,36.09263,-115.47962
"Delancey Street","Lower East Side > Mount Wilson > Red Rocks > Southern Nevada > Nevada",https://www.mountainproject.com/route/114228258/delancey-street,2.0,-1,Trad,5.9,3,400,36.09263,-115.47962
"Clifford Route","Lower East Side > Mount Wilson > Red Rocks > Southern Nevada > Nevada",https://www.mountainproject.com/route/114228262/clifford-route,2.0,-1,Trad,5.9,2,400,36.09263,-115.47962
"Seventh Avenue Express","Lower East Side > Mount Wilson > Red Rocks > Southern Nevada > Nevada",https://www.mountainproject.com/route/114228319/seventh-avenue-express,2.0,-1,Trad,5.9,4,400,36.09263,-115.47962
"The Spirit of Crane","Pier 42 Far Left > Pier 42 > Mount Wilson > Red Rocks > Southern Nevada > Nevada",https://www.mountainproject.com/route/201442333/the-spirit-of-crane,2.0,-1,Trad,5.5,1,90,36.08924,-115.4766
"Sheep Ahoy!","Pier 42 Far Left > Pier 42 > Mount Wilson > Red Rocks > Southern Nevada > Nevada",https://www.mountainproject.com/route/201442270/sheep-ahoy,2.0,-1,Trad,5.6,1,90,36.08924,-115.4766
"Dorothy Day","Pier 42 Far Left > Pier 42 > Mount Wilson > Red Rocks > Southern Nevada > Nevada",https://www.mountainproject.com/route/201442453/dorothy-day,2.0,-1,Trad,5.6,1,80,36.08924,-115.4766
"A Poodle Named Louie.","Pier 42 Far Left > Pier 42 > Mount Wilson > Red Rocks > Southern Nevada > Nevada",https://www.mountainproject.com/route/201442407/a-poodle-named-louie,2.0,-1,Trad,5.6,1,80,36.08924,-115.4766
"Alice Austen","Pier 42 Far Left > Pier 42 > Mount Wilson > Red Rocks > Southern Nevada > Nevada",https://www.mountainproject.com/route/201442488/alice-austen,2.0,-1,Trad,"5.7 PG13",1,80,36.08924,-115.4766
"Hell's Gate","Pier 42 Far Left > Pier 42 > Mount Wilson > Red Rocks > Southern Nevada > Nevada",https://www.mountainproject.com/route/201442363/hells-gate,2.0,-1,Trad,5.7,1,80,36.08924,-115.4766
Tap'puts,"Pier 42 Far Left > Pier 42 > Mount Wilson > Red Rocks > Southern Nevada > Nevada",https://www.mountainproject.com/route/201442295/tapputs,2.0,-1,Trad,5.7,1,80,36.08924,-115.4766
Nah'gah,"Pier 42 Far Left > Pier 42 > Mount Wilson > Red Rocks > Southern Nevada > Nevada",https://www.mountainproject.com/route/201442001/nahgah,2.0,-1,Trad,5.7,1,80,36.08924,-115.4766
"Fusilli Jerry","Pier 42 Left Center > Pier 42 > Mount Wilson > Red Rocks > Southern Nevada > Nevada",https://www.mountainproject.com/route/201442667/fusilli-jerry,2.5,-1,Trad,5.6,1,95,36.08787,-115.47475
Drundledat,"Pier 42 Left Center > Pier 42 > Mount Wilson > Red Rocks > Southern Nevada > Nevada",https://www.mountainproject.com/route/201442721/drundledat,2.0,-1,Trad,5.8,1,100,36.08787,-115.47475
"Unknown Dihedral","Dog Wall > First Pullout (Calico I) > Red Rocks > Southern Nevada > Nevada",https://www.mountainproject.com/route/107584976/unknown-dihedral,1.5,-1,Trad,5.6,1,50,36.14745,-115.42927
"Dog Wall | 4729","Dog Wall > First Pullout (Calico I) > Red Rocks > Southern Nevada > Nevada",https://www.mountainproject.com/route/107404729/dog-wall-4729,1.5,-1,Trad,5.7,1,,36.14745,-115.42927
"Doggy Style","Dog Wall > First Pullout (Calico I) > Red Rocks > Southern Nevada > Nevada",https://www.mountainproject.com/route/107404708/doggy-style,2.0,-1,Trad,5.8,1,,36.14745,-115.42927
Fishbreath,"Tuna and Chips Wall > First Pullout (Calico I) > Red Rocks > Southern Nevada > Nevada",https://www.mountainproject.com/route/106336750/fishbreath,1.7,-1,Trad,5.5,1,120,36.14846,-115.42939
"Tuna and Chips","Tuna and Chips Wall > First Pullout (Calico I) > Red Rocks > Southern Nevada > Nevada",https://www.mountainproject.com/route/105732302/tuna-and-chips,2.2,-1,Trad,"5.7 R",1,230,36.14846,-115.42939
"Tuna Cookies","Tuna and Chips Wall > First Pullout (Calico I) > Red Rocks > Southern Nevada > Nevada",https://www.mountainproject.com/route/105732305/tuna-cookies,2.5,-1,Trad,"5.7 R",1,230,36.14846,-115.42939
"Chips Ahoy","Tuna and Chips Wall > First Pullout (Calico I) > Red Rocks > Southern Nevada > Nevada",https://www.mountainproject.com/route/106336738/chips-ahoy,1.9,-1,Trad,5.9,2,250,36.14846,-115.42939
"Cover My Buttress","Panty Wall > First Pullout (Calico I) > Red Rocks > Southern Nevada > Nevada",https://www.mountainproject.com/route/105937169/cover-my-buttress,2.2,-1,"Trad, TR",5.5,1,,36.14964,-115.4299
Thong,"Panty Wall > First Pullout (Calico I) > Red Rocks > Southern Nevada > Nevada",https://www.mountainproject.com/route/105732311/thong,1.6,-1,"Trad, TR","5.6 R",1,35,36.14964,-115.4299
"Sheer Determination","Panty Wall > First Pullout (Calico I) > Red Rocks > Southern Nevada > Nevada",https://www.mountainproject.com/route/202822265/sheer-determination,3.0,-1,Trad,"5.9 PG13",1,70,36.14964,-115.4299
"Panty Raid","Panty Wall > First Pullout (Calico I) > Red Rocks > Southern Nevada > Nevada",https://www.mountainproject.com/route/105732941/panty-raid,3.3,-1,Trad,5.10a,1,80,36.14964,-115.4299
"Panty Line","Panty Wall > First Pullout (Calico I) > Red Rocks > Southern Nevada > Nevada",https://www.mountainproject.com/route/105939414/panty-line,2.8,-1,"Trad, TR","5.10a R",1,80,36.14964,-115.4299
"Edible Panties","Panty Wall > First Pullout (Calico I) > Red Rocks > Southern Nevada > Nevada",https://www.mountainproject.com/route/106423068/edible-panties,2.6,-1,"Trad, TR","5.10a R",1,70,36.14964,-115.4299
Bengal,"Tiger Stripe Wall > First Pullout (Calico I) > Red Rocks > Southern Nevada > Nevada",https://www.mountainproject.com/route/106619121/bengal,1.3,-1,Trad,5.9,1,60,36.14801,-115.43051
Unknown,"Tiger Stripe Wall > First Pullout (Calico I) > Red Rocks > Southern Nevada > Nevada",https://www.mountainproject.com/route/105926132/unknown,0.0,-1,Trad,"5.9 R",1,75,36.14801,-115.43051
"The Hex Files","Ultraman Wall > First Pullout (Calico I) > Red Rocks > Southern Nevada > Nevada",https://www.mountainproject.com/route/105732911/the-hex-files,1.7,-1,Trad,"5.6 R",1,170,36.15151,-115.43125
Rodan,"Ultraman Wall > First Pullout (Calico I) > Red Rocks > Southern Nevada > Nevada",https://www.mountainproject.com/route/105926109/rodan,1.3,-1,"Trad, TR","5.7+ X",1,100,36.15151,-115.43125
Mothra,"Ultraman Wall > First Pullout (Calico I) > Red Rocks > Southern Nevada > Nevada",https://www.mountainproject.com/route/108523672/mothra,2.5,-1,Trad,5.7+,1,115,36.15151,-115.43125
"Ultramagnetic MCs","Ultraman Wall > First Pullout (Calico I) > Red Rocks > Southern Nevada > Nevada",https://www.mountainproject.com/route/109940253/ultramagnetic-mcs,1.8,-1,"Trad, TR",5.8,1,140,36.15151,-115.43125
Ghidorah,"Ultraman Wall > First Pullout (Calico I) > Red Rocks > Southern Nevada > Nevada",https://www.mountainproject.com/route/108576255/ghidorah,2.0,-1,"Trad, TR","5.8+ R",1,105,36.15151,-115.43125
"MK Ultra","Ultraman Wall > First Pullout (Calico I) > Red Rocks > Southern Nevada > Nevada",https://www.mountainproject.com/route/109940237/mk-ultra,2.8,-1,Trad,"5.9 PG13",1,120,36.15151,-115.43125
"Women and Children First","Tsunami Wall > First Pullout (Calico I) > Red Rocks > Southern Nevada > Nevada",https://www.mountainproject.com/route/107539033/women-and-children-first,1.0,-1,Trad,5.7,1,30,36.15177,-115.43311
"Steep Hills","Circus Cliff > First Pullout (Calico I) > Red Rocks > Southern Nevada > Nevada",https://www.mountainproject.com/route/123512034/steep-hills,2.0,-1,"Trad, TR","5.5 R",1,50,36.14686,-115.42907
Unknown,"Circus Cliff > First Pullout (Calico I) > Red Rocks > Southern Nevada > Nevada",https://www.mountainproject.com/route/107304791/unknown,2.0,-1,Trad,5.10a,1,,36.14686,-115.42907
"High Wire","Circus Cliff > First Pullout (Calico I) > Red Rocks > Southern Nevada > Nevada",https://www.mountainproject.com/route/105813511/high-wire,2.2,-1,Trad,"5.10- PG13",1,45,36.14686,-115.42907
"Quail's Gamble","Fixx Cliff > First Pullout (Calico I) > Red Rocks > Southern Nevada > Nevada",https://www.mountainproject.com/route/106300541/quails-gamble,1.0,-1,Trad,"5.7 X",1,75,36.14801,-115.4293
"The Whiff","Fixx Cliff > First Pullout (Calico I) > Red Rocks > Southern Nevada > Nevada",https://www.mountainproject.com/route/107404751/the-whiff,2.0,-1,Trad,5.10a,1,,36.14801,-115.4293
"Diamond Dance","Right Wall > The Oasis > First Pullout (Calico I) > Red Rocks > Southern Nevada > Nevada",https://www.mountainproject.com/route/106386846/diamond-dance,1.2,-1,"Trad, TR",5.7,1,25,36.14854,-115.429
"Carrying Coals","Newcastle Crag > First Pullout (Calico I) > Red Rocks > Southern Nevada > Nevada",https://www.mountainproject.com/route/200797348/carrying-coals,3.0,-1,"Trad, TR",5.5,1,40,36.15122,-115.43254
"Barfing bone balls","The Black Hole > First Pullout (Calico I) > Red Rocks > Southern Nevada > Nevada",https://www.mountainproject.com/route/123246249/barfing-bone-balls,2.0,-1,Trad,5.8,1,100,36.1461,-115.42647
"Necco Waif","Iron Man Wall > First Pullout (Calico I) > Red Rocks > Southern Nevada > Nevada",https://www.mountainproject.com/route/106503621/necco-waif,1.8,-1,"Trad, TR",5.7,1,40,36.15189,-115.4321
"Slag Crack","Iron Man Wall > First Pullout (Calico I) > Red Rocks > Southern Nevada > Nevada",https://www.mountainproject.com/route/119941452/slag-crack,1.0,-1,Trad,5.8,1,50,36.15189,-115.4321
"Viagra Corner","Viagra Tower > First Pullout (Calico I) > Red Rocks > Southern Nevada > Nevada",https://www.mountainproject.com/route/106416528/viagra-corner,2.5,-1,Trad,5.6,1,60,36.14586,-115.42837
Winger,"Viagra Tower > First Pullout (Calico I) > Red Rocks > Southern Nevada > Nevada",https://www.mountainproject.com/route/106684613/winger,1.8,-1,"Trad, TR",5.6,1,40,36.14586,-115.42837
"Cialis Cleft","Viagra Tower > First Pullout (Calico I) > Red Rocks > Southern Nevada > Nevada",https://www.mountainproject.com/route/120285985/cialis-cleft,2.3,-1,Trad,5.7+,1,50,36.14586,-115.42837
Woofers,"Viagra Tower > First Pullout (Calico I) > Red Rocks > Southern Nevada > Nevada",https://www.mountainproject.com/route/106416534/woofers,2.0,-1,"Trad, TR",5.8,1,40,36.14586,-115.42837
"Jay Smith Appreciation Route","Janes Wall > First Pullout (Calico I) > Red Rocks > Southern Nevada > Nevada",https://www.mountainproject.com/route/108646364/jay-smith-appreciation-route,1.0,-1,Trad,"5.8 R",1,90,36.15234,-115.4323
"What's Left Of The Sport","Janes Wall > First Pullout (Calico I) > Red Rocks > Southern Nevada > Nevada",https://www.mountainproject.com/route/108650179/whats-left-of-the-sport,2.0,-1,Trad,5.9,1,80,36.15234,-115.4323
"The Mayan Pass","Civilization Crag > First Pullout (Calico I) > Red Rocks > Southern Nevada > Nevada",https://www.mountainproject.com/route/113624137/the-mayan-pass,2.1,-1,Trad,5.6,1,70,36.14543,-115.42639
"Meerkat Manor","Civilization Crag > First Pullout (Calico I) > Red Rocks > Southern Nevada > Nevada",https://www.mountainproject.com/route/108511095/meerkat-manor,1.8,-1,Trad,5.7,1,75,36.14543,-115.42639
"Big Dipper","Amusement Park > First Pullout (Calico I) > Red Rocks > Southern Nevada > Nevada",https://www.mountainproject.com/route/200763858/big-dipper,1.8,-1,"Trad, TR",5.5,1,35,36.14941,-115.43047
"Walk The Plank","The Shipwreck > First Pullout (Calico I) > Red Rocks > Southern Nevada > Nevada",https://www.mountainproject.com/route/108704235/walk-the-plank,2.2,-1,Trad,5.8,1,50,36.14789,-115.42971
"All American Breakfast","Scramblers Wall > First Pullout (Calico I) > Red Rocks > Southern Nevada > Nevada",https://www.mountainproject.com/route/111857537/all-american-breakfast,1.0,-1,"Trad, TR",5.5,1,-85,36.14976,-115.43132
"Side of Hashbrowns","Scramblers Wall > First Pullout (Calico I) > Red Rocks > Southern Nevada > Nevada",https://www.mountainproject.com/route/111857549/side-of-hashbrowns,1.0,-1,"Trad, TR",5.6,1,-90,36.14976,-115.43132
"Side of Mixed Fruit","Scramblers Wall > First Pullout (Calico I) > Red Rocks > Southern Nevada > Nevada",https://www.mountainproject.com/route/111857671/side-of-mixed-fruit,1.7,-1,"Trad, TR",5.6,1,-90,36.14976,-115.43132
"Perilous Pancakes","Scramblers Wall > First Pullout (Calico I) > Red Rocks > Southern Nevada > Nevada",https://www.mountainproject.com/route/127406540/perilous-pancakes,1.0,-1,Trad,"5.6 R",1,80,36.14976,-115.43132
"Light Blue","Jessica's Wall > First Pullout (Calico I) > Red Rocks > Southern Nevada > Nevada",https://www.mountainproject.com/route/109868519/light-blue,2.0,-1,Trad,5.8,1,30,36.14467,-115.42562
"The Crevasse","Jessica's Wall > First Pullout (Calico I) > Red Rocks > Southern Nevada > Nevada",https://www.mountainproject.com/route/109868551/the-crevasse,2.3,-1,Trad,"5.10- R",1,30,36.14467,-115.42562
"The Chasm","The Chasm > First Pullout (Calico I) > Red Rocks > Southern Nevada > Nevada",https://www.mountainproject.com/route/109868567/the-chasm,1.0,-1,Trad,5.6,1,60,36.14524,-115.42518
"Abandon all Hope","Dante's Wall > First Pullout (Calico I) > Red Rocks > Southern Nevada > Nevada",https://www.mountainproject.com/route/109868725/abandon-all-hope,2.3,-1,Trad,5.6,1,60,36.14497,-115.42471
"The Wedgie","Child's Play Wall > First Pullout (Calico I) > Red Rocks > Southern Nevada > Nevada",https://www.mountainproject.com/route/114114318/the-wedgie,2.4,-1,Trad,5.5,1,50,36.14698,-115.42722
"Cactus Head","Cactus Massacre > First Pullout (Calico I) > Red Rocks > Southern Nevada > Nevada",https://www.mountainproject.com/route/116697590/cactus-head,1.6,-1,Trad,5.9,1,90,36.14687,-115.42762
"Retro Flexion","The CarlyQuinn Crag > First Pullout (Calico I) > Red Rocks > Southern Nevada > Nevada",https://www.mountainproject.com/route/123140932/retro-flexion,2.5,-1,Trad,5.8,2,150,36.14475,-115.42653
"Cam on Feel the Noize","Northeast (Left) Wall > Classic Rock Wall > First Pullout (Calico I) > Red Rocks > Southern Nevada > Nevada",https://www.mountainproject.com/route/202532838/cam-on-feel-the-noize,2.0,-1,Trad,"5.6 PG13",1,115,36.14575,-115.42805
"Better With Cheddar","Chuck Wall > First Pullout (Calico I) > Red Rocks > Southern Nevada > Nevada",https://www.mountainproject.com/route/122638255/better-with-cheddar,1.7,-1,Trad,5.6,1,75,36.14778,-115.42868
Chuck,"Chuck Wall > First Pullout (Calico I) > Red Rocks > Southern Nevada > Nevada",https://www.mountainproject.com/route/122638356/chuck,2.0,-1,Trad,5.6,1,60,36.14778,-115.42868
"Life's Wreckage","Chuck Wall > First Pullout (Calico I) > Red Rocks > Southern Nevada > Nevada",https://www.mountainproject.com/route/122638668/lifes-wreckage,1.5,-1,Trad,5.7,1,50,36.14778,-115.42868
"Climb Machine","Climb Bomb > First Pullout (Calico I) > Red Rocks > Southern Nevada > Nevada",https://www.mountainproject.com/route/111443420/climb-machine,2.0,-1,Trad,5.9,1,40,36.14658,-115.42697
"Brooklyn Pocket","Bowling Ball Wall > The Rift > First Pullout (Calico I) > Red Rocks > Southern Nevada > Nevada",https://www.mountainproject.com/route/202928159/brooklyn-pocket,2.0,-1,Trad,5.10a,1,50,36.1463,-115.42862
"Pining for nuts","Lone Pine Wall > Watchtower > First Pullout (Calico I) > Red Rocks > Southern Nevada > Nevada",https://www.mountainproject.com/route/202500000/pining-for-nuts,1.5,-1,Trad,5.8,1,60,36.14532,-115.42517
"Exquisite Geometry","Right Wall > Front Corridor > Parking Lot Area > Sandstone Quarry > Red Rocks > Southern Nevada > Nevada",https://www.mountainproject.com/route/125710131/exquisite-geometry,3.0,-1,Trad,"5.9 PG13",3,175,36.16265,-115.44929
Siktion,"Right Wall > Front Corridor > Parking Lot Area > Sandstone Quarry > Red Rocks > Southern Nevada > Nevada",https://www.mountainproject.com/route/106397261/siktion,2.6,-1,Trad,5.9,1,60,36.16265,-115.44929
"Chrysler Crack","Chrysler Crack Buttress > Sandy Corridor > Parking Lot Area > Sandstone Quarry > Red Rocks > Southern Nevada > Nevada",https://www.mountainproject.com/route/105887571/chrysler-crack,3.8,-1,Trad,5.9,1,90,36.1628,-115.44808
"The Wallow","Lower Right Wall > Sandy Corridor > Parking Lot Area > Sandstone Quarry > Red Rocks > Southern Nevada > Nevada",https://www.mountainproject.com/route/107075814/the-wallow,2.2,-1,"Trad, TR",5.7,1,40,36.16393,-115.44949
"The Ring Leader","Lower Right Wall > Sandy Corridor > Parking Lot Area > Sandstone Quarry > Red Rocks > Southern Nevada > Nevada",https://www.mountainproject.com/route/105977559/the-ring-leader,2.3,-1,Trad,5.9,1,80,36.16393,-115.44949
"Inn Zone","Lower Right Wall > Sandy Corridor > Parking Lot Area > Sandstone Quarry > Red Rocks > Southern Nevada > Nevada",https://www.mountainproject.com/route/116799226/inn-zone,1.5,-1,Trad,5.9,1,98,36.16393,-115.44949
"Bolt Route","Lower Right Wall > Sandy Corridor > Parking Lot Area > Sandstone Quarry > Red Rocks > Southern Nevada > Nevada",https://www.mountainproject.com/route/105977566/bolt-route,2.8,-1,Trad,"5.9+ PG13",1,120,36.16393,-115.44949
"Traversing Seam","Lower Left Wall > Sandy Corridor > Parking Lot Area > Sandstone Quarry > Red Rocks > Southern Nevada > Nevada",https://www.mountainproject.com/route/112886164/traversing-seam,2.5,-1,Trad,5.10a,1,90,36.16398,-115.44915
"Fender Bender","White Slab > Parking Lot Area > Sandstone Quarry > Red Rocks > Southern Nevada > Nevada",https://www.mountainproject.com/route/106103011/fender-bender,2.6,-1,Trad,5.6,1,70,36.16251,-115.44977
"Leisure Boy","White Slab > Parking Lot Area > Sandstone Quarry > Red Rocks > Southern Nevada > Nevada",https://www.mountainproject.com/route/116357692/leisure-boy,2.5,-1,Trad,5.8,1,90,36.16251,-115.44977
"Pleasure Boy","White Slab > Parking Lot Area > Sandstone Quarry > Red Rocks > Southern Nevada > Nevada",https://www.mountainproject.com/route/116357742/pleasure-boy,2.4,-1,Trad,5.8+,1,95,36.16251,-115.44977
"White Slab","White Slab > Parking Lot Area > Sandstone Quarry > Red Rocks > Southern Nevada > Nevada",https://www.mountainproject.com/route/106121860/white-slab,2.3,-1,Trad,"5.8+ PG13",1,90,36.16251,-115.44977
"Guides Wall 4?","White Slab > Parking Lot Area > Sandstone Quarry > Red Rocks > Southern Nevada > Nevada",https://www.mountainproject.com/route/120151092/guides-wall-4,2.3,-1,Trad,"5.9 PG13",1,90,36.16251,-115.44977
"Crusty Creatures","Man's Best Friend Area > Parking Lot Area > Sandstone Quarry > Red Rocks > Southern Nevada > Nevada",https://www.mountainproject.com/route/106599067/crusty-creatures,1.8,-1,Trad,5.7,1,100,36.16196,-115.44912
"Roasted Ramen","Broast and Toast Wall > Wake Up Wall Area > Sandstone Quarry > Red Rocks > Southern Nevada > Nevada",https://www.mountainproject.com/route/203068201/roasted-ramen,2.0,-1,Trad,5.9+,1,100,36.16635,-115.45305
"Slam Dancin' With The Amish","Sonic Youth Upper Tier > Wake Up Wall Area > Sandstone Quarry > Red Rocks > Southern Nevada > Nevada",https://www.mountainproject.com/route/105813462/slam-dancin-with-the-amish,2.5,-1,Trad,"5.9+ PG13",1,80,36.16584,-115.4533
"Bandage Girl","The Salt Factory > The Trophy Area > Sandstone Quarry > Red Rocks > Southern Nevada > Nevada",https://www.mountainproject.com/route/108975671/bandage-girl,1.0,-1,Trad,5.10a,1,45,36.17087,-115.45316
"Add It Up","Blister in the Sun > Calico Tanks Area > Sandstone Quarry > Red Rocks > Southern Nevada > Nevada",https://www.mountainproject.com/route/200516971/add-it-up,1.8,-1,Trad,5.5,3,300,36.167,-115.44446
"High Scalin’","Blister in the Sun > Calico Tanks Area > Sandstone Quarry > Red Rocks > Southern Nevada > Nevada",https://www.mountainproject.com/route/106212942/high-scalin,2.2,-1,Trad,"5.8- PG13",2,240,36.167,-115.44446
"Gone Daddy Gone","Blister in the Sun > Calico Tanks Area > Sandstone Quarry > Red Rocks > Southern Nevada > Nevada",https://www.mountainproject.com/route/200621045/gone-daddy-gone,2.0,-1,Trad,"5.8 PG13",4,230,36.167,-115.44446
"Nevada Book","Stratocaster Area > Calico Hills Trail > Sandstone Quarry > Red Rocks > Southern Nevada > Nevada",https://www.mountainproject.com/route/105809077/nevada-book,1.8,-1,Trad,5.8,2,220,36.15852,-115.4401
"Spikes and Twine","Stratocaster Area > Calico Hills Trail > Sandstone Quarry > Red Rocks > Southern Nevada > Nevada",https://www.mountainproject.com/route/108010454/spikes-and-twine,1.5,-1,Trad,5.9,2,150,36.15852,-115.4401
"Windy Corner","South Face > Windy Peak > Red Rocks > Southern Nevada > Nevada",https://www.mountainproject.com/route/105732728/windy-corner,1.4,-1,Trad,5.7+,6,500,36.0192,-115.47011
"St. Stephen","South Face > Windy Peak > Red Rocks > Southern Nevada > Nevada",https://www.mountainproject.com/route/105732506/st-stephen,1.8,-1,Trad,5.8,8,700,36.0192,-115.47011
"Jubilant Song","South Face > Windy Peak > Red Rocks > Southern Nevada > Nevada",https://www.mountainproject.com/route/105732725/jubilant-song,3.1,-1,Trad,5.8,8,800,36.0192,-115.47011
"Swinging the Other Way","South Face > Windy Peak > Red Rocks > Southern Nevada > Nevada",https://www.mountainproject.com/route/113852109/swinging-the-other-way,2.0,-1,Trad,5.8,3,380,36.0192,-115.47011
"Hot Fudge Thursday","South Face > Windy Peak > Red Rocks > Southern Nevada > Nevada",https://www.mountainproject.com/route/105732710/hot-fudge-thursday,2.6,-1,Trad,5.9,6,650,36.0192,-115.47011
"Marion's Melody","South Face > Windy Peak > Red Rocks > Southern Nevada > Nevada",https://www.mountainproject.com/route/105732800/marions-melody,1.6,-1,Trad,5.9,7,700,36.0192,-115.47011
"Crocodile Rock","South Face > Windy Peak > Red Rocks > Southern Nevada > Nevada",https://www.mountainproject.com/route/105733082/crocodile-rock,2.0,-1,Trad,5.9,8,800,36.0192,-115.47011
"Joanne of Arch","South Face > Windy Peak > Red Rocks > Southern Nevada > Nevada",https://www.mountainproject.com/route/105733091/joanne-of-arch,2.2,-1,Trad,5.9,4,,36.0192,-115.47011
Slabotomy,"South Face > Windy Peak > Red Rocks > Southern Nevada > Nevada",https://www.mountainproject.com/route/105794066/slabotomy,-1.0,-1,Trad,5.9,2,250,36.0192,-115.47011
Thriller,"South Face > Windy Peak > Red Rocks > Southern Nevada > Nevada",https://www.mountainproject.com/route/105860717/thriller,1.5,-1,Trad,5.9,8,800,36.0192,-115.47011
"A Song & A Prayer","South Face > Windy Peak > Red Rocks > Southern Nevada > Nevada",https://www.mountainproject.com/route/105732776/a-song-a-prayer,3.0,-1,Trad,"5.10a R",6,900,36.0192,-115.47011
"Hugh's Banner","East Face > Windy Peak > Red Rocks > Southern Nevada > Nevada",https://www.mountainproject.com/route/105957654/hughs-banner,2.0,-1,Trad,5.5,1,100,36.01713,-115.46286
"Back in the Saddle","East Face > Windy Peak > Red Rocks > Southern Nevada > Nevada",https://www.mountainproject.com/route/106364062/back-in-the-saddle,2.5,-1,Trad,5.5,1,100,36.01713,-115.46286
"Boobs, Bikes & Beer","East Face > Windy Peak > Red Rocks > Southern Nevada > Nevada",https://www.mountainproject.com/route/105957992/boobs-bikes-beer,1.5,-1,Trad,5.6,1,100,36.01713,-115.46286
"Jackass Flats","East Face > Windy Peak > Red Rocks > Southern Nevada > Nevada",https://www.mountainproject.com/route/105732992/jackass-flats,2.2,-1,Trad,5.6,1,300,36.01713,-115.46286
"Blockade Runner","East Face > Windy Peak > Red Rocks > Southern Nevada > Nevada",https://www.mountainproject.com/route/105934896/blockade-runner,2.2,-1,Trad,"5.8- PG13",1,120,36.01713,-115.46286
"Diet Delight","East Face > Windy Peak > Red Rocks > Southern Nevada > Nevada",https://www.mountainproject.com/route/105732986/diet-delight,2.9,-1,Trad,5.8+,3,400,36.01713,-115.46286
"The Free Crack","East Face > Windy Peak > Red Rocks > Southern Nevada > Nevada",https://www.mountainproject.com/route/112838727/the-free-crack,2.2,-1,Trad,5.8+,1,150,36.01713,-115.46286
"Midsummer Night Scheme","North Face > Windy Peak > Red Rocks > Southern Nevada > Nevada",https://www.mountainproject.com/route/114973361/midsummer-night-scheme,2.0,-1,Trad,"5.7 PG13",8,1800,36.02223,-115.46789
"Of Mice And Men","North Face > Windy Peak > Red Rocks > Southern Nevada > Nevada",https://www.mountainproject.com/route/110340262/of-mice-and-men,2.0,-1,Trad,"5.9 PG13",10,1100,36.02223,-115.46789
"Nightmare Point","North Face > Windy Peak > Red Rocks > Southern Nevada > Nevada",https://www.mountainproject.com/route/115128874/nightmare-point,1.0,-1,Trad,5.9,7,800,36.02223,-115.46789
"Gluten Free Lap Dance","Gluten Free Boulder > Windy Peak > Red Rocks > Southern Nevada > Nevada",https://www.mountainproject.com/route/116536723/gluten-free-lap-dance,1.5,-1,Trad,5.9,1,35,36.01782,-115.46971
Scorpio,"Breezy Wall > Windy Peak > Red Rocks > Southern Nevada > Nevada",https://www.mountainproject.com/route/125511294/scorpio,3.0,-1,Trad,5.7,3,340,36.01622,-115.46569
Desperados,"Breezy Wall > Windy Peak > Red Rocks > Southern Nevada > Nevada",https://www.mountainproject.com/route/125510588/desperados,1.5,-1,Trad,5.9,3,350,36.01622,-115.46569
"5.7 Freak Out","Straight Shooter Wall > Pine Creek Canyon > Red Rocks > Southern Nevada > Nevada",https://www.mountainproject.com/route/112891240/57-freak-out,1.6,-1,Trad,"5.7 PG13",1,60,36.1268,-115.48806
"Crispy Critters","Straight Shooter Wall > Pine Creek Canyon > Red Rocks > Southern Nevada > Nevada",https://www.mountainproject.com/route/105733118/crispy-critters,1.6,-1,Trad,"5.7 R",1,50,36.1268,-115.48806
"Captain Crunch","Straight Shooter Wall > Pine Creek Canyon > Red Rocks > Southern Nevada > Nevada",https://www.mountainproject.com/route/105733121/captain-crunch,1.5,-1,Trad,5.7,1,50,36.1268,-115.48806
"Straight Shooter","Straight Shooter Wall > Pine Creek Canyon > Red Rocks > Southern Nevada > Nevada",https://www.mountainproject.com/route/105732428/straight-shooter,3.6,-1,Trad,5.9+,1,60,36.1268,-115.48806
"Zen and the Art of Web Spinning","Brass Wall > Pine Creek Canyon > Red Rocks > Southern Nevada > Nevada",https://www.mountainproject.com/route/105732356/zen-and-the-art-of-web-spinning,1.2,-1,"Trad, TR",5.5,1,50,36.12521,-115.49109
LojVegas,"Brass Wall > Pine Creek Canyon > Red Rocks > Southern Nevada > Nevada",https://www.mountainproject.com/route/111493608/lojvegas,-1.0,-1,Trad,5.5,1,70,36.12521,-115.49109
"Heavy Spider Karma","Brass Wall > Pine Creek Canyon > Red Rocks > Southern Nevada > Nevada",https://www.mountainproject.com/route/105732359/heavy-spider-karma,2.2,-1,Trad,5.6,1,80,36.12521,-115.49109
"Unfinished Business","Brass Wall > Pine Creek Canyon > Red Rocks > Southern Nevada > Nevada",https://www.mountainproject.com/route/120580111/unfinished-business,1.6,-1,Trad,5.6,1,110,36.12521,-115.49109
Sniveler,"Brass Wall > Pine Creek Canyon > Red Rocks > Southern Nevada > Nevada",https://www.mountainproject.com/route/105939256/sniveler,2.2,-1,Trad,"5.6 PG13",1,60,36.12521,-115.49109
"Bird Cage","Brass Wall > Pine Creek Canyon > Red Rocks > Southern Nevada > Nevada",https://www.mountainproject.com/route/105936299/bird-cage,1.3,-1,Trad,5.7,1,20,36.12521,-115.49109
Pazookieland,"Brass Wall > Pine Creek Canyon > Red Rocks > Southern Nevada > Nevada",https://www.mountainproject.com/route/105733124/pazookieland,2.1,-1,Trad,5.7,2,300,36.12521,-115.49109
Rawlpindi,"Brass Wall > Pine Creek Canyon > Red Rocks > Southern Nevada > Nevada",https://www.mountainproject.com/route/105814198/rawlpindi,2.3,-1,Trad,5.7,5,700,36.12521,-115.49109
Birdland,"Brass Wall > Pine Creek Canyon > Red Rocks > Southern Nevada > Nevada",https://www.mountainproject.com/route/105733115/birdland,3.5,-1,Trad,5.7+,6,600,36.12521,-115.49109
Valore,"Brass Wall > Pine Creek Canyon > Red Rocks > Southern Nevada > Nevada",https://www.mountainproject.com/route/105819806/valore,1.3,-1,Trad,5.8-,2,300,36.12521,-115.49109
"Bus Stops Here","Brass Wall > Pine Creek Canyon > Red Rocks > Southern Nevada > Nevada",https://www.mountainproject.com/route/105970351/bus-stops-here,2.0,-1,Trad,5.8-,1,120,36.12521,-115.49109
Tinkerbellfusse,"Brass Wall > Pine Creek Canyon > Red Rocks > Southern Nevada > Nevada",https://www.mountainproject.com/route/106207526/tinkerbellfusse,2.0,-1,Trad,"5.8 X",2,180,36.12521,-115.49109
"Mo (AKA Nowhere Man)","Brass Wall > Pine Creek Canyon > Red Rocks > Southern Nevada > Nevada",https://www.mountainproject.com/route/107454656/mo-aka-nowhere-man,2.6,-1,Trad,5.8+,1,100,36.12521,-115.49109
"Varnishing Point","Brass Wall > Pine Creek Canyon > Red Rocks > Southern Nevada > Nevada",https://www.mountainproject.com/route/105732383/varnishing-point,2.7,-1,Trad,5.8+,2,160,36.12521,-115.49109
"The Big Horn","Brass Wall > Pine Creek Canyon > Red Rocks > Southern Nevada > Nevada",https://www.mountainproject.com/route/105819223/the-big-horn,2.9,-1,Trad,5.8+,6,,36.12521,-115.49109
"Super Greens","Brass Wall > Pine Creek Canyon > Red Rocks > Southern Nevada > Nevada",https://www.mountainproject.com/route/125550812/super-greens,3.0,-1,Trad,5.8+,2,200,36.12521,-115.49109
"Moons Way","Brass Wall > Pine Creek Canyon > Red Rocks > Southern Nevada > Nevada",https://www.mountainproject.com/route/124139599/moons-way,1.5,-1,Trad,5.9-,1,50,36.12521,-115.49109
"Table Greens","Brass Wall > Pine Creek Canyon > Red Rocks > Southern Nevada > Nevada",https://www.mountainproject.com/route/125550845/table-greens,3.0,-1,Trad,5.9,1,100,36.12521,-115.49109
"The Hidden Persuaders","Brass Wall > Pine Creek Canyon > Red Rocks > Southern Nevada > Nevada",https://www.mountainproject.com/route/107037105/the-hidden-persuaders,1.8,-1,Trad,"5.9 R",6,600,36.12521,-115.49109
"Topless Twins","Brass Wall > Pine Creek Canyon > Red Rocks > Southern Nevada > Nevada",https://www.mountainproject.com/route/105732362/topless-twins,3.1,-1,Trad,5.9,1,70,36.12521,-115.49109
"Varnishing Fact","Brass Wall > Pine Creek Canyon > Red Rocks > Southern Nevada > Nevada",https://www.mountainproject.com/route/125464651/varnishing-fact,2.8,-1,Trad,5.9+,1,100,36.12521,-115.49109
"Super S","Brass Wall > Pine Creek Canyon > Red Rocks > Southern Nevada > Nevada",https://www.mountainproject.com/route/125464673/super-s,3.1,-1,Trad,5.9+,5,600,36.12521,-115.49109
"One Stop in Tonopah","Brass Wall > Pine Creek Canyon > Red Rocks > Southern Nevada > Nevada",https://www.mountainproject.com/route/105732695/one-stop-in-tonopah,2.6,-1,Trad,5.10a,1,150,36.12521,-115.49109
"Bush Pilots","Brass Wall > Pine Creek Canyon > Red Rocks > Southern Nevada > Nevada",https://www.mountainproject.com/route/105733181/bush-pilots,2.5,-1,Trad,5.10a,1,50,36.12521,-115.49109
"Sea of Holes","Brass Wall > Pine Creek Canyon > Red Rocks > Southern Nevada > Nevada",https://www.mountainproject.com/route/105732803/sea-of-holes,1.8,-1,Trad,"5.10- R",3,400,36.12521,-115.49109
"No Laughing Matter","Brass Wall > Pine Creek Canyon > Red Rocks > Southern Nevada > Nevada",https://www.mountainproject.com/route/105789533/no-laughing-matter,2.9,-1,Trad,5.10-,2,120,36.12521,-115.49109
Simpatico,"Brass Wall > Pine Creek Canyon > Red Rocks > Southern Nevada > Nevada",https://www.mountainproject.com/route/107370231/simpatico,2.8,-1,Trad,"5.10- PG13",1,140,36.12521,-115.49109
"The Soloist Crack","East Face(aka Dependent Variable Area) > Magic Mountain > Pine Creek Canyon > Red Rocks > Southern Nevada > Nevada",https://www.mountainproject.com/route/106548434/the-soloist-crack,2.0,-1,Trad,5.7,1,110,36.12103,-115.48766
"Fido the Dragon","North Face > Magic Mountain > Pine Creek Canyon > Red Rocks > Southern Nevada > Nevada",https://www.mountainproject.com/route/201569689/fido-the-dragon,2.0,-1,Trad,5.7,1,115,36.12126,-115.49023
Unknown,"North Face > Magic Mountain > Pine Creek Canyon > Red Rocks > Southern Nevada > Nevada",https://www.mountainproject.com/route/201996268/unknown,2.0,-1,Trad,5.8,3,375,36.12126,-115.49023
"Andy & Jason's Mediocre Adventure","North Face > Magic Mountain > Pine Creek Canyon > Red Rocks > Southern Nevada > Nevada",https://www.mountainproject.com/route/107500118/andy-jasons-mediocre-adventure,2.0,-1,Trad,5.8,1,100,36.12126,-115.49023
"Community Party Chimney","North Face > Magic Mountain > Pine Creek Canyon > Red Rocks > Southern Nevada > Nevada",https://www.mountainproject.com/route/123414624/community-party-chimney,2.7,-1,Trad,5.8,6,800,36.12126,-115.49023
"Texas Longneck","North Face > Magic Mountain > Pine Creek Canyon > Red Rocks > Southern Nevada > Nevada",https://www.mountainproject.com/route/105732761/texas-longneck,2.5,-1,Trad,5.8+,6,500,36.12126,-115.49023
"Bottle Bill","North Face > Magic Mountain > Pine Creek Canyon > Red Rocks > Southern Nevada > Nevada",https://www.mountainproject.com/route/105732758/bottle-bill,1.0,-1,Trad,5.9,4,500,36.12126,-115.49023
"Community Pillar","North Face > Magic Mountain > Pine Creek Canyon > Red Rocks > Southern Nevada > Nevada",https://www.mountainproject.com/route/105732959/community-pillar,3.5,-1,Trad,5.9,8,700,36.12126,-115.49023
"Honeycomb Chimney","North Face > Magic Mountain > Pine Creek Canyon > Red Rocks > Southern Nevada > Nevada",https://www.mountainproject.com/route/105733001/honeycomb-chimney,2.8,-1,Trad,5.9,8,800,36.12126,-115.49023
"Magic Triangle","North Face > Magic Mountain > Pine Creek Canyon > Red Rocks > Southern Nevada > Nevada",https://www.mountainproject.com/route/105733067/magic-triangle,2.0,-1,Trad,"5.9 R",7,600,36.12126,-115.49023
"Advanced Placement","North Face > Magic Mountain > Pine Creek Canyon > Red Rocks > Southern Nevada > Nevada",https://www.mountainproject.com/route/106213308/advanced-placement,1.3,-1,Trad,5.9,3,300,36.12126,-115.49023
"Small Purchase","North Face > Magic Mountain > Pine Creek Canyon > Red Rocks > Southern Nevada > Nevada",https://www.mountainproject.com/route/105732896/small-purchase,3.5,-1,Trad,5.10a/b,1,100,36.12126,-115.49023
"Ignore the Man Behind the Screen","Flight Path Area > Pine Creek Canyon > Red Rocks > Southern Nevada > Nevada",https://www.mountainproject.com/route/105732893/ignore-the-man-behind-the-screen,2.4,-1,Trad,5.6,1,100,36.12916,-115.4866
"Sex in the Scrub Oak","Flight Path Area > Pine Creek Canyon > Red Rocks > Southern Nevada > Nevada",https://www.mountainproject.com/route/105732995/sex-in-the-scrub-oak,1.8,-1,Trad,5.7,1,90,36.12916,-115.4866
"Coeur d'Alene","Flight Path Area > Pine Creek Canyon > Red Rocks > Southern Nevada > Nevada",https://www.mountainproject.com/route/116231053/coeur-dalene,1.8,-1,Trad,5.7,1,25,36.12916,-115.4866
Boise,"Flight Path Area > Pine Creek Canyon > Red Rocks > Southern Nevada > Nevada",https://www.mountainproject.com/route/116231077/boise,2.1,-1,Trad,5.7,1,25,36.12916,-115.4866
Stanley,"Flight Path Area > Pine Creek Canyon > Red Rocks > Southern Nevada > Nevada",https://www.mountainproject.com/route/116231136/stanley,2.4,-1,Trad,5.7,1,25,36.12916,-115.4866
"F-22 Raptor","Flight Path Area > Pine Creek Canyon > Red Rocks > Southern Nevada > Nevada",https://www.mountainproject.com/route/118806457/f-22-raptor,1.0,-1,Trad,5.7,1,65,36.12916,-115.4866
"Radio Free Kansas","Flight Path Area > Pine Creek Canyon > Red Rocks > Southern Nevada > Nevada",https://www.mountainproject.com/route/105823726/radio-free-kansas,2.2,-1,Trad,5.7+,1,100,36.12916,-115.4866
"Return to Sender","Flight Path Area > Pine Creek Canyon > Red Rocks > Southern Nevada > Nevada",https://www.mountainproject.com/route/115400470/return-to-sender,1.0,-1,Trad,"5.7+ R",1,125,36.12916,-115.4866
"Idaho Falls","Flight Path Area > Pine Creek Canyon > Red Rocks > Southern Nevada > Nevada",https://www.mountainproject.com/route/116231112/idaho-falls,2.1,-1,Trad,5.8,1,25,36.12916,-115.4866
"F-117 Stealth Nighthawk","Flight Path Area > Pine Creek Canyon > Red Rocks > Southern Nevada > Nevada",https://www.mountainproject.com/route/118806414/f-117-stealth-nighthawk,3.0,-1,Trad,5.8,1,150,36.12916,-115.4866
"They Call the Wind  !&%","Flight Path Area > Pine Creek Canyon > Red Rocks > Southern Nevada > Nevada",https://www.mountainproject.com/route/105823775/they-call-the-wind,2.2,-1,Trad,5.8,1,120,36.12916,-115.4866
"Flight Path","Flight Path Area > Pine Creek Canyon > Red Rocks > Southern Nevada > Nevada",https://www.mountainproject.com/route/105789872/flight-path,3.0,-1,Trad,5.8+,1,140,36.12916,-115.4866
"A Simple Expediency","Flight Path Area > Pine Creek Canyon > Red Rocks > Southern Nevada > Nevada",https://www.mountainproject.com/route/107951207/a-simple-expediency,2.5,-1,Trad,5.8+,1,80,36.12916,-115.4866
"Car Talk","Flight Path Area > Pine Creek Canyon > Red Rocks > Southern Nevada > Nevada",https://www.mountainproject.com/route/107951190/car-talk,2.4,-1,Trad,5.9,1,80,36.12916,-115.4866
"Common Bond of Circumstance","Flight Path Area > Pine Creek Canyon > Red Rocks > Southern Nevada > Nevada",https://www.mountainproject.com/route/105823743/common-bond-of-circumstance,2.2,-1,Trad,5.9,1,100,36.12916,-115.4866
"Doin' the Good Drive","Flight Path Area > Pine Creek Canyon > Red Rocks > Southern Nevada > Nevada",https://www.mountainproject.com/route/105926028/doin-the-good-drive,3.0,-1,Trad,5.9,1,80,36.12916,-115.4866
"F-15 Eagle Crack (2nd pitch of Megamoto)","Flight Path Area > Pine Creek Canyon > Red Rocks > Southern Nevada > Nevada",https://www.mountainproject.com/route/118806365/f-15-eagle-crack-2nd-pitch-of-megamoto,3.3,-1,Trad,5.9,1,120,36.12916,-115.4866
"F-16 Fighting Falcon","Flight Path Area > Pine Creek Canyon > Red Rocks > Southern Nevada > Nevada",https://www.mountainproject.com/route/118806399/f-16-fighting-falcon,3.0,-1,Trad,5.9,1,120,36.12916,-115.4866
"F-18 Hornet","Flight Path Area > Pine Creek Canyon > Red Rocks > Southern Nevada > Nevada",https://www.mountainproject.com/route/118806453/f-18-hornet,2.0,-1,Trad,5.9,1,50,36.12916,-115.4866
"Twin Falls","Flight Path Area > Pine Creek Canyon > Red Rocks > Southern Nevada > Nevada",https://www.mountainproject.com/route/200284156/twin-falls,1.0,-1,Trad,5.9,1,70,36.12916,-115.4866
"Raptor Tower (Bill & Fer's Excellent Adventure)","Flight Path Area > Pine Creek Canyon > Red Rocks > Southern Nevada > Nevada",https://www.mountainproject.com/route/118800619/raptor-tower-bill-fers-excellent-adventure,3.0,-1,Trad,5.9+,3,300,36.12916,-115.4866
"P-40 Warhawk","Flight Path Area > Pine Creek Canyon > Red Rocks > Southern Nevada > Nevada",https://www.mountainproject.com/route/118806429/p-40-warhawk,3.0,-1,Trad,5.9+,2,200,36.12916,-115.4866
"Commuted Sentence","Flight Path Area > Pine Creek Canyon > Red Rocks > Southern Nevada > Nevada",https://www.mountainproject.com/route/106419142/commuted-sentence,3.0,-1,Trad,5.9+,1,100,36.12916,-115.4866
"Belief in Proportion to the Evidence","Flight Path Area > Pine Creek Canyon > Red Rocks > Southern Nevada > Nevada",https://www.mountainproject.com/route/105732998/belief-in-proportion-to-the-evidence,2.2,-1,Trad,5.10a,1,90,36.12916,-115.4866
"Cookie Monster","East Face > Mescalito > Pine Creek Canyon > Red Rocks > Southern Nevada > Nevada",https://www.mountainproject.com/route/105732773/cookie-monster,3.0,-1,Trad,5.7,3,360,36.12301,-115.49265
"Too Many Tantrums","East Face > Mescalito > Pine Creek Canyon > Red Rocks > Southern Nevada > Nevada",https://www.mountainproject.com/route/105856887/too-many-tantrums,1.7,-1,Trad,5.7,1,200,36.12301,-115.49265
"Mescalito - Original Route","East Face > Mescalito > Pine Creek Canyon > Red Rocks > Southern Nevada > Nevada",https://www.mountainproject.com/route/110539256/mescalito-original-route,2.6,-1,Trad,5.7,7,1100,36.12301,-115.49265
"Pauligk Pillar","East Face > Mescalito > Pine Creek Canyon > Red Rocks > Southern Nevada > Nevada",https://www.mountainproject.com/route/105732767/pauligk-pillar,2.8,-1,Trad,5.7+,2,350,36.12301,-115.49265
"Crunchy Cat","East Face > Mescalito > Pine Creek Canyon > Red Rocks > Southern Nevada > Nevada",https://www.mountainproject.com/route/108485248/crunchy-cat,1.5,-1,Trad,"5.8- PG13",1,160,36.12301,-115.49265
"When A Stranger Calls","East Face > Mescalito > Pine Creek Canyon > Red Rocks > Southern Nevada > Nevada",https://www.mountainproject.com/route/106124864/when-a-stranger-calls,2.5,-1,Trad,5.8,3,350,36.12301,-115.49265
C11H17NO3,"East Face > Mescalito > Pine Creek Canyon > Red Rocks > Southern Nevada > Nevada",https://www.mountainproject.com/route/105732788/c11h17no3,2.7,-1,Trad,"5.8+ R",4,550,36.12301,-115.49265
"Black Widow Hollow","East Face > Mescalito > Pine Creek Canyon > Red Rocks > Southern Nevada > Nevada",https://www.mountainproject.com/route/105732794/black-widow-hollow,3.0,-1,Trad,5.9,3,400,36.12301,-115.49265
"Splitting Hares","East Face > Mescalito > Pine Creek Canyon > Red Rocks > Southern Nevada > Nevada",https://www.mountainproject.com/route/105853323/splitting-hares,2.6,-1,Trad,5.9,2,220,36.12301,-115.49265
"Ebony Way","East Face > Mescalito > Pine Creek Canyon > Red Rocks > Southern Nevada > Nevada",https://www.mountainproject.com/route/124604034/ebony-way,3.3,-1,Trad,5.9,2,300,36.12301,-115.49265
"Deep Space","East Face > Mescalito > Pine Creek Canyon > Red Rocks > Southern Nevada > Nevada",https://www.mountainproject.com/route/105732455/deep-space,2.5,-1,Trad,5.9+,8,800,36.12301,-115.49265
Y2K,"East Face > Mescalito > Pine Creek Canyon > Red Rocks > Southern Nevada > Nevada",https://www.mountainproject.com/route/105732287/y2k,3.0,-1,Trad,5.10a,4,400,36.12301,-115.49265
Centerfold,"East Face > Mescalito > Pine Creek Canyon > Red Rocks > Southern Nevada > Nevada",https://www.mountainproject.com/route/105732440/centerfold,1.3,-1,Trad,"5.10a R",12,1300,36.12301,-115.49265
"Pauline's Pentacle","East Face > Mescalito > Pine Creek Canyon > Red Rocks > Southern Nevada > Nevada",https://www.mountainproject.com/route/106125175/paulines-pentacle,1.7,-1,Trad,5.10a,1,,36.12301,-115.49265
"This Ain't No Disco","East Face > Mescalito > Pine Creek Canyon > Red Rocks > Southern Nevada > Nevada",https://www.mountainproject.com/route/108434493/this-aint-no-disco,2.8,-1,Trad,"5.10a PG13",1,130,36.12301,-115.49265
"Pine Nuts","East Face > Mescalito > Pine Creek Canyon > Red Rocks > Southern Nevada > Nevada",https://www.mountainproject.com/route/105945889/pine-nuts,2.5,-1,Trad,5.10-,2,300,36.12301,-115.49265
"The Wasp","East Face > Mescalito > Pine Creek Canyon > Red Rocks > Southern Nevada > Nevada",https://www.mountainproject.com/route/106374554/the-wasp,2.9,-1,Trad,5.10-,2,340,36.12301,-115.49265
"Seeking Sietches","South Face > Mescalito > Pine Creek Canyon > Red Rocks > Southern Nevada > Nevada",https://www.mountainproject.com/route/202340710/seeking-sietches,2.0,-1,Trad,5.8,4,500,36.12182,-115.49314
"Mescalito - South Face","South Face > Mescalito > Pine Creek Canyon > Red Rocks > Southern Nevada > Nevada",https://www.mountainproject.com/route/106043543/mescalito-south-face,2.5,-1,Trad,5.9,9,1000,36.12182,-115.49314
"Nakatomi Plaza","South Face > Mescalito > Pine Creek Canyon > Red Rocks > Southern Nevada > Nevada",https://www.mountainproject.com/route/200308862/nakatomi-plaza,2.8,-1,Trad,5.9,4,300,36.12182,-115.49314
"OB Button","South Face > Mescalito > Pine Creek Canyon > Red Rocks > Southern Nevada > Nevada",https://www.mountainproject.com/route/106082831/ob-button,3.2,-1,Trad,5.10-,1,125,36.12182,-115.49314
"Cat in the Hat","Southeast Buttress > Mescalito > Pine Creek Canyon > Red Rocks > Southern Nevada > Nevada",https://www.mountainproject.com/route/105732419/cat-in-the-hat,3.1,-1,Trad,5.6,6,650,36.12178,-115.49277
"Cat in the Phat","Southeast Buttress > Mescalito > Pine Creek Canyon > Red Rocks > Southern Nevada > Nevada",https://www.mountainproject.com/route/105733175/cat-in-the-phat,0.8,-1,Trad,"5.7 R",1,80,36.12178,-115.49277
"Lightning-Rod Men","Southeast Buttress > Mescalito > Pine Creek Canyon > Red Rocks > Southern Nevada > Nevada",https://www.mountainproject.com/route/123996626/lightning-rod-men,3.0,-1,Trad,5.8,4,450,36.12178,-115.49277
"Thing 1","Southeast Buttress > Mescalito > Pine Creek Canyon > Red Rocks > Southern Nevada > Nevada",https://www.mountainproject.com/route/108672365/thing-1,2.0,-1,Trad,"5.8 PG13",4,550,36.12178,-115.49277
"Bed of Nails","Southeast Buttress > Mescalito > Pine Creek Canyon > Red Rocks > Southern Nevada > Nevada",https://www.mountainproject.com/route/106444789/bed-of-nails,1.3,-1,Trad,"5.9 PG13",1,140,36.12178,-115.49277
"Dark Shadows (Full)","Dark Shadows Wall > Mescalito > Pine Creek Canyon > Red Rocks > Southern Nevada > Nevada",https://www.mountainproject.com/route/109607912/dark-shadows-full,3.7,-1,Trad,5.8,10,1000,36.12399,-115.49506
"Dark Shadows","Dark Shadows Wall > Mescalito > Pine Creek Canyon > Red Rocks > Southern Nevada > Nevada",https://www.mountainproject.com/route/105732380/dark-shadows,3.6,-1,Trad,5.8,4,350,36.12399,-115.49506
"Lost Voices","Dark Shadows Wall > Mescalito > Pine Creek Canyon > Red Rocks > Southern Nevada > Nevada",https://www.mountainproject.com/route/122276290/lost-voices,2.5,-1,Trad,"5.8 R",6,600,36.12399,-115.49506
"Chasing Shadows","Dark Shadows Wall > Mescalito > Pine Creek Canyon > Red Rocks > Southern Nevada > Nevada",https://www.mountainproject.com/route/106053513/chasing-shadows,3.1,-1,Trad,5.9,4,320,36.12399,-115.49506
"Peyote Power","Dark Shadows Wall > Mescalito > Pine Creek Canyon > Red Rocks > Southern Nevada > Nevada",https://www.mountainproject.com/route/106064872/peyote-power,2.5,-1,Trad,5.9,7,,36.12399,-115.49506
"Extra Credit","Dark Shadows Wall > Mescalito > Pine Creek Canyon > Red Rocks > Southern Nevada > Nevada",https://www.mountainproject.com/route/108920286/extra-credit,3.2,-1,Trad,5.10a,1,60,36.12399,-115.49506
"Jimmy Marshall Memorial Route","Beer and Ice Gully > Pine Creek Canyon > Red Rocks > Southern Nevada > Nevada",https://www.mountainproject.com/route/123889320/jimmy-marshall-memorial-route,3.0,-1,Trad,5.8,2,200,36.12657,-115.48899
"Jimmy Marshall Memorial Route (full)","Beer and Ice Gully > Pine Creek Canyon > Red Rocks > Southern Nevada > Nevada",https://www.mountainproject.com/route/124090631/jimmy-marshall-memorial-route-full,2.6,-1,Trad,5.8,11,1200,36.12657,-115.48899
iPod,"Little Joe > Pine Creek Canyon > Red Rocks > Southern Nevada > Nevada",https://www.mountainproject.com/route/105819519/ipod,2.0,-1,Trad,5.10a,1,70,36.12065,-115.4915
Unknown,"Out of Control Area > Pine Creek Canyon > Red Rocks > Southern Nevada > Nevada",https://www.mountainproject.com/route/200913306/unknown,-1.0,-1,Trad,5.8,3,300,36.12527,-115.49419
"Remote Control","Out of Control Area > Pine Creek Canyon > Red Rocks > Southern Nevada > Nevada",https://www.mountainproject.com/route/105888855/remote-control,2.5,-1,Trad,5.9,1,160,36.12527,-115.49419
"The Illusion of Control","Out of Control Area > Pine Creek Canyon > Red Rocks > Southern Nevada > Nevada",https://www.mountainproject.com/route/120063606/the-illusion-of-control,1.0,-1,Trad,5.9,1,120,36.12527,-115.49419
"Under Control","Out of Control Area > Pine Creek Canyon > Red Rocks > Southern Nevada > Nevada",https://www.mountainproject.com/route/120063693/under-control,2.0,-1,Trad,5.9,2,160,36.12527,-115.49419
Overshoot,"Out of Control Area > Pine Creek Canyon > Red Rocks > Southern Nevada > Nevada",https://www.mountainproject.com/route/200913426/overshoot,-1.0,-1,Trad,5.10-,1,120,36.12527,-115.49419
"Cantilever Corner","Right of Flight Path Area > Pine Creek Canyon > Red Rocks > Southern Nevada > Nevada",https://www.mountainproject.com/route/105903481/cantilever-corner,1.5,-1,Trad,5.8,1,60,36.13013,-115.48657
"Spanning the Gap","Right of Flight Path Area > Pine Creek Canyon > Red Rocks > Southern Nevada > Nevada",https://www.mountainproject.com/route/105900283/spanning-the-gap,1.5,-1,Trad,"5.10a/b PG13",1,140,36.13013,-115.48657
"Good Day Sunshine","Stick Gully > Pine Creek Canyon > Red Rocks > Southern Nevada > Nevada",https://www.mountainproject.com/route/112464533/good-day-sunshine,1.0,-1,Trad,5.5,1,80,36.12904,-115.4878
"Winter Wanderland","Stick Gully > Pine Creek Canyon > Red Rocks > Southern Nevada > Nevada",https://www.mountainproject.com/route/112464551/winter-wanderland,1.0,-1,Trad,5.5,1,80,36.12904,-115.4878
Unknown,"Stick Gully > Pine Creek Canyon > Red Rocks > Southern Nevada > Nevada",https://www.mountainproject.com/route/111602670/unknown,0.5,-1,Trad,5.7,1,200,36.12904,-115.4878
Prelude,"Stick Gully > Pine Creek Canyon > Red Rocks > Southern Nevada > Nevada",https://www.mountainproject.com/route/112446869/prelude,0.0,-1,Trad,5.7,1,60,36.12904,-115.4878
"Box of Rain","Stick Gully > Pine Creek Canyon > Red Rocks > Southern Nevada > Nevada",https://www.mountainproject.com/route/112478428/box-of-rain,2.0,-1,Trad,5.7,2,200,36.12904,-115.4878
Alchemist,"Stick Gully > Pine Creek Canyon > Red Rocks > Southern Nevada > Nevada",https://www.mountainproject.com/route/121978891/alchemist,2.9,-1,Trad,5.7,2,180,36.12904,-115.4878
"Cinnamon Swirls","Stick Gully > Pine Creek Canyon > Red Rocks > Southern Nevada > Nevada",https://www.mountainproject.com/route/123322299/cinnamon-swirls,3.0,-1,Trad,5.7,1,55,36.12904,-115.4878
"Elephant Penis","Stick Gully > Pine Creek Canyon > Red Rocks > Southern Nevada > Nevada",https://www.mountainproject.com/route/110391617/elephant-penis,3.1,-1,Trad,5.8,2,200,36.12904,-115.4878
Unknown,"Stick Gully > Pine Creek Canyon > Red Rocks > Southern Nevada > Nevada",https://www.mountainproject.com/route/111601105/unknown,1.0,-1,Trad,5.8,3,200,36.12904,-115.4878
"Casper the Friendly Offwidth","Stick Gully > Pine Creek Canyon > Red Rocks > Southern Nevada > Nevada",https://www.mountainproject.com/route/112464490/casper-the-friendly-offwidth,2.0,-1,Trad,5.8,1,100,36.12904,-115.4878
"Plato's Grotto","Stick Gully > Pine Creek Canyon > Red Rocks > Southern Nevada > Nevada",https://www.mountainproject.com/route/112478461/platos-grotto,2.0,-1,Trad,5.8,1,180,36.12904,-115.4878
"Stick Gully","Stick Gully > Pine Creek Canyon > Red Rocks > Southern Nevada > Nevada",https://www.mountainproject.com/route/114089464/stick-gully,1.0,-1,Trad,5.8,7,1000,36.12904,-115.4878
"Datura P2 Left Chimney","Stick Gully > Pine Creek Canyon > Red Rocks > Southern Nevada > Nevada",https://www.mountainproject.com/route/114227390/datura-p2-left-chimney,2.0,-1,Trad,5.8,1,100,36.12904,-115.4878
"Sandstone Scofflaws","Stick Gully > Pine Creek Canyon > Red Rocks > Southern Nevada > Nevada",https://www.mountainproject.com/route/118230668/sandstone-scofflaws,0.0,-1,Trad,"5.8 PG13",1,120,36.12904,-115.4878
Abstinence,"Stick Gully > Pine Creek Canyon > Red Rocks > Southern Nevada > Nevada",https://www.mountainproject.com/route/114026692/abstinence,2.0,-1,Trad,5.8+,1,80,36.12904,-115.4878
"Happy Lollipop Tower","Stick Gully > Pine Creek Canyon > Red Rocks > Southern Nevada > Nevada",https://www.mountainproject.com/route/111602736/happy-lollipop-tower,2.3,-1,Trad,5.9,4,600,36.12904,-115.4878
Unknown,"Stick Gully > Pine Creek Canyon > Red Rocks > Southern Nevada > Nevada",https://www.mountainproject.com/route/111602824/unknown,2.0,-1,Trad,5.9,2,200,36.12904,-115.4878
"The Stick-Slip Phenomenon","Stick Gully > Pine Creek Canyon > Red Rocks > Southern Nevada > Nevada",https://www.mountainproject.com/route/112468154/the-stick-slip-phenomenon,2.0,-1,Trad,5.9,1,100,36.12904,-115.4878
Unknown,"Stick Gully > Pine Creek Canyon > Red Rocks > Southern Nevada > Nevada",https://www.mountainproject.com/route/112874391/unknown,2.0,-1,Trad,5.9,1,200,36.12904,-115.4878
"Stick Right","Stick Gully > Pine Creek Canyon > Red Rocks > Southern Nevada > Nevada",https://www.mountainproject.com/route/105926078/stick-right,2.8,-1,Trad,5.9,1,140,36.12904,-115.4878
"Stick And Move","Stick Gully > Pine Creek Canyon > Red Rocks > Southern Nevada > Nevada",https://www.mountainproject.com/route/107429239/stick-and-move,2.0,-1,Trad,5.9,1,100,36.12904,-115.4878
"Promote The Segmentation","Stick Gully > Pine Creek Canyon > Red Rocks > Southern Nevada > Nevada",https://www.mountainproject.com/route/107907372/promote-the-segmentation,1.5,-1,Trad,5.9,1,90,36.12904,-115.4878
"The Brush Hogger’s Apprentice","Stick Gully > Pine Creek Canyon > Red Rocks > Southern Nevada > Nevada",https://www.mountainproject.com/route/122125394/the-brush-hoggers-apprentice,2.0,-1,Trad,"5.9+ PG13",5,550,36.12904,-115.4878
"Crabby Appleton","Crabby Appleton Area > Pine Creek Canyon > Red Rocks > Southern Nevada > Nevada",https://www.mountainproject.com/route/106010810/crabby-appleton,2.2,-1,Trad,"5.9 PG13",4,550,36.11947,-115.49096
"Paiute Wall:  Original Route","The Paiute Wall > Pine Creek Canyon > Red Rocks > Southern Nevada > Nevada",https://www.mountainproject.com/route/106380836/paiute-wall-original-route,2.5,-1,Trad,5.10a/b,3,510,36.12863,-115.51314
"Tower of Jewels","Gemstone Gully > Pine Creek Canyon > Red Rocks > Southern Nevada > Nevada",https://www.mountainproject.com/route/123440669/tower-of-jewels,3.0,-1,Trad,5.9,2,150,36.13237,-115.4888
Gemstone,"Gemstone Gully > Pine Creek Canyon > Red Rocks > Southern Nevada > Nevada",https://www.mountainproject.com/route/112374895/gemstone,2.5,-1,Trad,5.10-,2,280,36.13237,-115.4888
"Out For Blood","Eagles Nest > Pine Creek Canyon > Red Rocks > Southern Nevada > Nevada",https://www.mountainproject.com/route/107849969/out-for-blood,-1.0,-1,Trad,5.10a,4,400,36.13567,-115.48876
"Diarrhea Dialect","Bullnose Wall > Pine Creek Canyon > Red Rocks > Southern Nevada > Nevada",https://www.mountainproject.com/route/107907489/diarrhea-dialect,0.0,-1,Trad,5.7,1,100,36.11362,-115.50611
"Enter the Arena","Bullnose Wall > Pine Creek Canyon > Red Rocks > Southern Nevada > Nevada",https://www.mountainproject.com/route/107907509/enter-the-arena,-1.0,-1,Trad,5.8,1,100,36.11362,-115.50611
"The Matador","Bullnose Wall > Pine Creek Canyon > Red Rocks > Southern Nevada > Nevada",https://www.mountainproject.com/route/107907472/the-matador,-1.0,-1,Trad,5.10a,2,200,36.11362,-115.50611
"Fractional Existence","Fractional Wall > Pine Creek Canyon > Red Rocks > Southern Nevada > Nevada",https://www.mountainproject.com/route/110369320/fractional-existence,1.3,-1,Trad,5.5,2,240,36.12025,-115.49478
"Pooty Tits","Fractional Wall > Pine Creek Canyon > Red Rocks > Southern Nevada > Nevada",https://www.mountainproject.com/route/110369207/pooty-tits,-1.0,-1,Trad,5.6,2,230,36.12025,-115.49478
"Repeated Histrionics","The Hog Wart > Pine Creek Canyon > Red Rocks > Southern Nevada > Nevada",https://www.mountainproject.com/route/111543519/repeated-histrionics,1.5,-1,Trad,"5.8 PG13",1,100,36.1288,-115.48685
"Lake Mead Exotic Plant Control Crew","The Hog Wart > Pine Creek Canyon > Red Rocks > Southern Nevada > Nevada",https://www.mountainproject.com/route/112464441/lake-mead-exotic-plant-control-crew,2.0,-1,Trad,5.9,1,75,36.1288,-115.48685
"East Ridge of the Office Wall","Office Wall > Pine Creek Canyon > Red Rocks > Southern Nevada > Nevada",https://www.mountainproject.com/route/125287790/east-ridge-of-the-office-wall,2.0,-1,Trad,5.7,2,300,36.11788,-115.49144
"Bowery Boys","Little Manhattan > Pine Creek Canyon > Red Rocks > Southern Nevada > Nevada",https://www.mountainproject.com/route/123440988/bowery-boys,3.0,-1,Trad,5.8,1,100,36.13491,-115.48951
"Uptown Boys","Little Manhattan > Pine Creek Canyon > Red Rocks > Southern Nevada > Nevada",https://www.mountainproject.com/route/123441038/uptown-boys,3.0,-1,Trad,5.9,1,150,36.13491,-115.48951
"Stage 3 (aka Hell in a Bucket)","The Abutment > Pine Creek Canyon > Red Rocks > Southern Nevada > Nevada",https://www.mountainproject.com/route/125843170/stage-3-aka-hell-in-a-bucket,1.0,-1,Trad,5.7+,1,60,36.13213,-115.48704
"Robin Trowel","The Abutment > Pine Creek Canyon > Red Rocks > Southern Nevada > Nevada",https://www.mountainproject.com/route/123795082/robin-trowel,2.5,-1,Trad,5.8,1,60,36.13213,-115.48704
Chump,"The Abutment > Pine Creek Canyon > Red Rocks > Southern Nevada > Nevada",https://www.mountainproject.com/route/123795145/chump,2.0,-1,Trad,5.8,2,100,36.13213,-115.48704
"Bridge of Sighs","The Abutment > Pine Creek Canyon > Red Rocks > Southern Nevada > Nevada",https://www.mountainproject.com/route/123795064/bridge-of-sighs,-1.0,-1,Trad,5.9,1,50,36.13213,-115.48704
"Left Leg Out","The Abutment > Pine Creek Canyon > Red Rocks > Southern Nevada > Nevada",https://www.mountainproject.com/route/125114450/left-leg-out,4.0,-1,Trad,5.9,1,90,36.13213,-115.48704
"Near-Death Star","The Abutment > Pine Creek Canyon > Red Rocks > Southern Nevada > Nevada",https://www.mountainproject.com/route/123795224/near-death-star,2.0,-1,Trad,5.9+,2,130,36.13213,-115.48704
"Baby Beelze","The Abutment > Pine Creek Canyon > Red Rocks > Southern Nevada > Nevada",https://www.mountainproject.com/route/123816269/baby-beelze,3.0,-1,Trad,5.9+,1,130,36.13213,-115.48704
"Crazy Girls","The Abutment > Pine Creek Canyon > Red Rocks > Southern Nevada > Nevada",https://www.mountainproject.com/route/123795021/crazy-girls,-1.0,-1,Trad,5.10a,1,55,36.13213,-115.48704
"Solar Slab","Solar Slab - Upper Tier > Oak Creek Canyon > Red Rocks > Southern Nevada > Nevada",https://www.mountainproject.com/route/105732257/solar-slab,3.5,-1,Trad,5.6,9,1220,36.10372,-115.48775
"Going Nuts","Solar Slab - Upper Tier > Oak Creek Canyon > Red Rocks > Southern Nevada > Nevada",https://www.mountainproject.com/route/105733172/going-nuts,3.0,-1,Trad,5.6,2,300,36.10372,-115.48775
"Sunspot Ridge","Solar Slab - Upper Tier > Oak Creek Canyon > Red Rocks > Southern Nevada > Nevada",https://www.mountainproject.com/route/105791012/sunspot-ridge,2.4,-1,Trad,5.8-,12,1500,36.10372,-115.48775
"Kelly's Heroes","Solar Slab - Upper Tier > Oak Creek Canyon > Red Rocks > Southern Nevada > Nevada",https://www.mountainproject.com/route/120777158/kellys-heroes,1.5,-1,Trad,5.8,6,700,36.10372,-115.48775
Heliotrope,"Solar Slab - Upper Tier > Oak Creek Canyon > Red Rocks > Southern Nevada > Nevada",https://www.mountainproject.com/route/105733112/heliotrope,2.7,-1,Trad,"5.8+ R",5,750,36.10372,-115.48775
Sundog,"Solar Slab - Upper Tier > Oak Creek Canyon > Red Rocks > Southern Nevada > Nevada",https://www.mountainproject.com/route/105732692/sundog,2.7,-1,Trad,5.9,4,500,36.10372,-115.48775
Sunflower,"Solar Slab - Upper Tier > Oak Creek Canyon > Red Rocks > Southern Nevada > Nevada",https://www.mountainproject.com/route/105732791/sunflower,3.0,-1,Trad,"5.9 R",6,850,36.10372,-115.48775
"Arch Enemy","Solar Slab - Upper Tier > Oak Creek Canyon > Red Rocks > Southern Nevada > Nevada",https://www.mountainproject.com/route/105813007/arch-enemy,3.2,-1,Trad,5.9,3,500,36.10372,-115.48775
"Change Up","Solar Slab - Upper Tier > Oak Creek Canyon > Red Rocks > Southern Nevada > Nevada",https://www.mountainproject.com/route/105813011/change-up,1.8,-1,Trad,5.9,2,300,36.10372,-115.48775
"Kaleidoscope Cracks","Eagle Wall > Oak Creek Canyon > Red Rocks > Southern Nevada > Nevada",https://www.mountainproject.com/route/106191706/kaleidoscope-cracks,2.0,-1,Trad,5.8,10,1200,36.10438,-115.49498
"Rainbow Buttress","Eagle Wall > Oak Creek Canyon > Red Rocks > Southern Nevada > Nevada",https://www.mountainproject.com/route/105732368/rainbow-buttress,3.1,-1,Trad,5.8+,8,1200,36.10438,-115.49498
Catwalk,"Celebration Wall > Oak Creek Canyon > Red Rocks > Southern Nevada > Nevada",https://www.mountainproject.com/route/105732434/catwalk,2.4,-1,Trad,"5.6 R",8,1000,36.10262,-115.50208
"Underhanging Overhang","Celebration Wall > Oak Creek Canyon > Red Rocks > Southern Nevada > Nevada",https://www.mountainproject.com/route/106737940/underhanging-overhang,1.7,-1,Trad,5.7,9,1200,36.10262,-115.50208
Coltrane,"Celebration Wall > Oak Creek Canyon > Red Rocks > Southern Nevada > Nevada",https://www.mountainproject.com/route/105935932/coltrane,2.5,-1,Trad,"5.9 R",6,600,36.10262,-115.50208
"Strawberry Sweat","Upper Painted Bowl > Oak Creek Canyon > Red Rocks > Southern Nevada > Nevada",https://www.mountainproject.com/route/119226450/strawberry-sweat,2.0,-1,Trad,5.9,7,800,36.10586,-115.49305
Sunburn,"Solar Slab - Lower Tier > Oak Creek Canyon > Red Rocks > Southern Nevada > Nevada",https://www.mountainproject.com/route/105818059/sunburn,2.5,-1,Trad,5.7,7,700,36.10333,-115.48677
"Beulah's Arete","Solar Slab - Lower Tier > Oak Creek Canyon > Red Rocks > Southern Nevada > Nevada",https://www.mountainproject.com/route/112838781/beulahs-arete,2.9,-1,Trad,5.7,3,400,36.10333,-115.48677
"Tan Line","Solar Slab - Lower Tier > Oak Creek Canyon > Red Rocks > Southern Nevada > Nevada",https://www.mountainproject.com/route/116159841/tan-line,2.1,-1,Trad,5.7,3,480,36.10333,-115.48677
"Johnny Vegas","Solar Slab - Lower Tier > Oak Creek Canyon > Red Rocks > Southern Nevada > Nevada",https://www.mountainproject.com/route/105732251/johnny-vegas,3.2,-1,Trad,5.7,4,480,36.10333,-115.48677
Unknown,"Solar Slab - Lower Tier > Oak Creek Canyon > Red Rocks > Southern Nevada > Nevada",https://www.mountainproject.com/route/116579816/unknown,3.0,-1,Trad,5.7+,1,100,36.10333,-115.48677
"Sandstone Overcast","Solar Slab - Lower Tier > Oak Creek Canyon > Red Rocks > Southern Nevada > Nevada",https://www.mountainproject.com/route/105732764/sandstone-overcast,2.1,-1,"Trad, Aid","5.8 C1",4,550,36.10333,-115.48677
Horndog,"Solar Slab - Lower Tier > Oak Creek Canyon > Red Rocks > Southern Nevada > Nevada",https://www.mountainproject.com/route/105794895/horndog,2.0,-1,Trad,5.8,3,380,36.10333,-115.48677
"Shake, Rattle, and Roll","Solar Slab - Lower Tier > Oak Creek Canyon > Red Rocks > Southern Nevada > Nevada",https://www.mountainproject.com/route/125521617/shake-rattle-and-roll,1.0,-1,Trad,"5.8 PG13",3,500,36.10333,-115.48677
"The Pamphlet","Solar Slab - Lower Tier > Oak Creek Canyon > Red Rocks > Southern Nevada > Nevada",https://www.mountainproject.com/route/125724136/the-pamphlet,2.0,-1,Trad,5.8,1,105,36.10333,-115.48677
"Beulah's Book","Solar Slab - Lower Tier > Oak Creek Canyon > Red Rocks > Southern Nevada > Nevada",https://www.mountainproject.com/route/105732413/beulahs-book,3.1,-1,Trad,5.9,3,550,36.10333,-115.48677
"Frieda's Flake","Solar Slab - Lower Tier > Oak Creek Canyon > Red Rocks > Southern Nevada > Nevada",https://www.mountainproject.com/route/106335360/friedas-flake,2.5,-1,Trad,5.9,3,350,36.10333,-115.48677
Corona,"Solar Slab - Lower Tier > Oak Creek Canyon > Red Rocks > Southern Nevada > Nevada",https://www.mountainproject.com/route/105861748/corona,2.7,-1,Trad,5.10a,1,,36.10333,-115.48677
"Solar Flare","Solar Slab - Lower Tier > Oak Creek Canyon > Red Rocks > Southern Nevada > Nevada",https://www.mountainproject.com/route/105836970/solar-flare,2.6,-1,Trad,5.10-,5,500,36.10333,-115.48677
Skyline,"The Friar and Byrd Pinnacle > Oak Creek Canyon > Red Rocks > Southern Nevada > Nevada",https://www.mountainproject.com/route/105733133/skyline,2.0,-1,Trad,5.8,12,1500,36.10394,-115.48544
"Byrd Pinnacle Left","The Friar and Byrd Pinnacle > Oak Creek Canyon > Red Rocks > Southern Nevada > Nevada",https://www.mountainproject.com/route/106317259/byrd-pinnacle-left,2.5,-1,Trad,5.8,1,100,36.10394,-115.48544
"V Formation","The Friar and Byrd Pinnacle > Oak Creek Canyon > Red Rocks > Southern Nevada > Nevada",https://www.mountainproject.com/route/106634109/v-formation,2.3,-1,Trad,"5.8 PG13",1,100,36.10394,-115.48544
Whoosh,"The Friar and Byrd Pinnacle > Oak Creek Canyon > Red Rocks > Southern Nevada > Nevada",https://www.mountainproject.com/route/106317267/whoosh,1.0,-1,Trad,5.9,2,250,36.10394,-115.48544
"Xyphoid Left","The Friar and Byrd Pinnacle > Oak Creek Canyon > Red Rocks > Southern Nevada > Nevada",https://www.mountainproject.com/route/107489298/xyphoid-left,2.9,-1,Trad,5.9,1,100,36.10394,-115.48544
"The Friar","The Friar and Byrd Pinnacle > Oak Creek Canyon > Red Rocks > Southern Nevada > Nevada",https://www.mountainproject.com/route/105732854/the-friar,2.4,-1,Trad,5.9,4,300,36.10394,-115.48544
"The A Crack","The Friar and Byrd Pinnacle > Oak Creek Canyon > Red Rocks > Southern Nevada > Nevada",https://www.mountainproject.com/route/108106337/the-a-crack,2.0,-1,Trad,5.9,1,100,36.10394,-115.48544
Unknown,"The Friar and Byrd Pinnacle > Oak Creek Canyon > Red Rocks > Southern Nevada > Nevada",https://www.mountainproject.com/route/108771130/unknown,1.0,-1,Trad,5.10a,1,35,36.10394,-115.48544
"Wrangler Hero?","The Friar and Byrd Pinnacle > Oak Creek Canyon > Red Rocks > Southern Nevada > Nevada",https://www.mountainproject.com/route/106323478/wrangler-hero,2.3,-1,Trad,5.10a,1,60,36.10394,-115.48544
"J + J Groove","The Friar and Byrd Pinnacle > Oak Creek Canyon > Red Rocks > Southern Nevada > Nevada",https://www.mountainproject.com/route/107442965/j-j-groove,2.5,-1,Trad,5.10a,1,100,36.10394,-115.48544
Wisdom,"The Triad > Cactus Flower Tower > Oak Creek Canyon > Red Rocks > Southern Nevada > Nevada",https://www.mountainproject.com/route/107545748/wisdom,2.0,-1,Trad,5.7,1,180,36.10052,-115.48527
"The Ugly Sister","The Triad > Cactus Flower Tower > Oak Creek Canyon > Red Rocks > Southern Nevada > Nevada",https://www.mountainproject.com/route/107493168/the-ugly-sister,2.5,-1,Trad,5.8,1,180,36.10052,-115.48527
Truth,"The Triad > Cactus Flower Tower > Oak Creek Canyon > Red Rocks > Southern Nevada > Nevada",https://www.mountainproject.com/route/107545762/truth,4.0,-1,Trad,"5.8 R",1,210,36.10052,-115.48527
Virtue,"The Triad > Cactus Flower Tower > Oak Creek Canyon > Red Rocks > Southern Nevada > Nevada",https://www.mountainproject.com/route/108955478/virtue,2.0,-1,Trad,5.8,1,180,36.10052,-115.48527
"League of Notions","League of Notions Area > Cactus Flower Tower > Oak Creek Canyon > Red Rocks > Southern Nevada > Nevada",https://www.mountainproject.com/route/105789746/league-of-notions,3.0,-1,Trad,5.9,3,270,36.0972,-115.4841
"Crack McMuffin","Blood Wall > Cactus Flower Tower > Oak Creek Canyon > Red Rocks > Southern Nevada > Nevada",https://www.mountainproject.com/route/106066635/crack-mcmuffin,2.0,-1,Trad,5.7,2,300,36.09804,-115.48736
"Bush League","Blood Wall > Cactus Flower Tower > Oak Creek Canyon > Red Rocks > Southern Nevada > Nevada",https://www.mountainproject.com/route/106067019/bush-league,2.0,-1,Trad,5.9,5,700,36.09804,-115.48736
Bloodbath,"Blood Wall > Cactus Flower Tower > Oak Creek Canyon > Red Rocks > Southern Nevada > Nevada",https://www.mountainproject.com/route/106067045/bloodbath,2.0,-1,Trad,5.9,6,700,36.09804,-115.48736
"OW Negative","Blood Wall > Cactus Flower Tower > Oak Creek Canyon > Red Rocks > Southern Nevada > Nevada",https://www.mountainproject.com/route/106093850/ow-negative,2.7,-1,"Trad, Aid","5.9 C2+",6,800,36.09804,-115.48736
Impulse,"Blood Wall > Cactus Flower Tower > Oak Creek Canyon > Red Rocks > Southern Nevada > Nevada",https://www.mountainproject.com/route/109545876/impulse,2.0,-1,Trad,"5.10- PG13",4,750,36.09804,-115.48736
"East Arete","Cactus Flower Tower Summit > Cactus Flower Tower > Oak Creek Canyon > Red Rocks > Southern Nevada > Nevada",https://www.mountainproject.com/route/108567407/east-arete,2.0,-1,Trad,5.8,8,1500,36.09653,-115.4856
"North Face - Cactus Flower Tower","Cactus Flower Tower Summit > Cactus Flower Tower > Oak Creek Canyon > Red Rocks > Southern Nevada > Nevada",https://www.mountainproject.com/route/106262860/north-face-cactus-flower-tower,2.7,-1,Trad,5.9,8,800,36.09653,-115.4856
"Blood on the Tracks","Cactus Flower Tower Summit > Cactus Flower Tower > Oak Creek Canyon > Red Rocks > Southern Nevada > Nevada",https://www.mountainproject.com/route/107558327/blood-on-the-tracks,2.8,-1,Trad,5.9,7,1000,36.09653,-115.4856
"Cinnamon Hedgehog","Cactus Flower Tower Summit > Cactus Flower Tower > Oak Creek Canyon > Red Rocks > Southern Nevada > Nevada",https://www.mountainproject.com/route/107066004/cinnamon-hedgehog,2.8,-1,Trad,5.10a,8,1215,36.09653,-115.4856
"Tres Bon","Oakey Buttress > Cactus Flower Tower > Oak Creek Canyon > Red Rocks > Southern Nevada > Nevada",https://www.mountainproject.com/route/106682098/tres-bon,3.0,-1,Trad,5.7,2,300,36.09977,-115.49138
Summerset,"Oakey Buttress > Cactus Flower Tower > Oak Creek Canyon > Red Rocks > Southern Nevada > Nevada",https://www.mountainproject.com/route/106682104/summerset,2.0,-1,Trad,5.7,2,300,36.09977,-115.49138
"Cheap Drills","Oakey Buttress > Cactus Flower Tower > Oak Creek Canyon > Red Rocks > Southern Nevada > Nevada",https://www.mountainproject.com/route/106682091/cheap-drills,2.3,-1,Trad,5.8,2,300,36.09977,-115.49138
"Okie from Muskogee","Oakey Buttress > Cactus Flower Tower > Oak Creek Canyon > Red Rocks > Southern Nevada > Nevada",https://www.mountainproject.com/route/106682114/okie-from-muskogee,2.0,-1,Trad,5.8,4,500,36.09977,-115.49138
"Les Miserables","Oakey Buttress > Cactus Flower Tower > Oak Creek Canyon > Red Rocks > Southern Nevada > Nevada",https://www.mountainproject.com/route/106682107/les-miserables,1.0,-1,Trad,5.9,2,300,36.09977,-115.49138
"Maddie’s Route","Afterburner Wall > Cactus Flower Tower > Oak Creek Canyon > Red Rocks > Southern Nevada > Nevada",https://www.mountainproject.com/route/122084352/maddies-route,3.0,-1,Trad,5.9+,2,150,36.10088,-115.48749
"Administrative Overreach","Black Orpheus Amphitheater > Oak Creek Canyon > Red Rocks > Southern Nevada > Nevada",https://www.mountainproject.com/route/123556884/administrative-overreach,0.0,-1,Trad,"5.6 R",1,100,36.10256,-115.49045
"Black Baby","Black Orpheus Amphitheater > Oak Creek Canyon > Red Rocks > Southern Nevada > Nevada",https://www.mountainproject.com/route/113778592/black-baby,2.5,-1,Trad,5.7,3,400,36.10256,-115.49045
"There and Back Again","Black Orpheus Amphitheater > Oak Creek Canyon > Red Rocks > Southern Nevada > Nevada",https://www.mountainproject.com/route/105732884/there-and-back-again,2.4,-1,Trad,5.8,5,540,36.10256,-115.49045
"Black Orpheus","Black Orpheus Amphitheater > Oak Creek Canyon > Red Rocks > Southern Nevada > Nevada",https://www.mountainproject.com/route/105732809/black-orpheus,3.3,-1,Trad,5.9+,8,1500,36.10256,-115.49045
"Plate of Fate","Black Orpheus Amphitheater > Oak Creek Canyon > Red Rocks > Southern Nevada > Nevada",https://www.mountainproject.com/route/106731726/plate-of-fate,2.1,-1,Trad,5.9+,3,300,36.10256,-115.49045
"Little Brown","Rainbow Mountain - East Face > Oak Creek Canyon > Red Rocks > Southern Nevada > Nevada",https://www.mountainproject.com/route/113240448/little-brown,2.5,-1,Trad,5.8,1,60,36.10679,-115.48516
"The Growler","Rainbow Mountain - East Face > Oak Creek Canyon > Red Rocks > Southern Nevada > Nevada",https://www.mountainproject.com/route/113240138/the-growler,2.8,-1,Trad,5.9+,1,60,36.10679,-115.48516
"Rockingstone Groove","Rainbow Mountain - East Face > Oak Creek Canyon > Red Rocks > Southern Nevada > Nevada",https://www.mountainproject.com/route/113240561/rockingstone-groove,3.0,-1,Trad,5.9+,1,110,36.10679,-115.48516
"Go Ahead, Ok?","Ragged Edges Area > Willow Spring > Red Rocks > Southern Nevada > Nevada",https://www.mountainproject.com/route/107385089/go-ahead-ok,1.8,-1,Trad,5.5,1,55,36.15756,-115.49799
Tonto,"Ragged Edges Area > Willow Spring > Red Rocks > Southern Nevada > Nevada",https://www.mountainproject.com/route/105732446/tonto,2.4,-1,Trad,5.5,1,90,36.15756,-115.49799
"Go Ahead and Jump","Ragged Edges Area > Willow Spring > Red Rocks > Southern Nevada > Nevada",https://www.mountainproject.com/route/105732947/go-ahead-and-jump,2.0,-1,Trad,5.6,1,100,36.15756,-115.49799
"Crooked Crack","Ragged Edges Area > Willow Spring > Red Rocks > Southern Nevada > Nevada",https://www.mountainproject.com/route/106133493/crooked-crack,2.5,-1,Trad,5.6,1,150,36.15756,-115.49799
"Ok Ok Ok!","Ragged Edges Area > Willow Spring > Red Rocks > Southern Nevada > Nevada",https://www.mountainproject.com/route/106393593/ok-ok-ok,2.0,-1,Trad,5.6,1,60,36.15756,-115.49799
"Diplomatic Immunity","Ragged Edges Area > Willow Spring > Red Rocks > Southern Nevada > Nevada",https://www.mountainproject.com/route/106393572/diplomatic-immunity,1.6,-1,Trad,5.7,1,130,36.15756,-115.49799
Revoked,"Ragged Edges Area > Willow Spring > Red Rocks > Southern Nevada > Nevada",https://www.mountainproject.com/route/106393583/revoked,1.6,-1,Trad,5.7,1,130,36.15756,-115.49799
Dumptruck,"Ragged Edges Area > Willow Spring > Red Rocks > Southern Nevada > Nevada",https://www.mountainproject.com/route/107337082/dumptruck,1.4,-1,Trad,"5.7 R",1,60,36.15756,-115.49799
Footloose,"Ragged Edges Area > Willow Spring > Red Rocks > Southern Nevada > Nevada",https://www.mountainproject.com/route/107613513/footloose,1.3,-1,Trad,5.7,1,40,36.15756,-115.49799
"Unknown crack","Ragged Edges Area > Willow Spring > Red Rocks > Southern Nevada > Nevada",https://www.mountainproject.com/route/109748067/unknown-crack,1.8,-1,Trad,"5.7 PG13",1,150,36.15756,-115.49799
Midnight,"Ragged Edges Area > Willow Spring > Red Rocks > Southern Nevada > Nevada",https://www.mountainproject.com/route/107337055/midnight,2.5,-1,Trad,"5.8 PG13",1,60,36.15756,-115.49799
"Ragged Edges","Ragged Edges Area > Willow Spring > Red Rocks > Southern Nevada > Nevada",https://www.mountainproject.com/route/105732437/ragged-edges,3.1,-1,Trad,5.8,2,160,36.15756,-115.49799
Midheight,"Ragged Edges Area > Willow Spring > Red Rocks > Southern Nevada > Nevada",https://www.mountainproject.com/route/105931732/midheight,2.1,-1,Trad,"5.8 R",1,70,36.15756,-115.49799
"Dense Dunce","Ragged Edges Area > Willow Spring > Red Rocks > Southern Nevada > Nevada",https://www.mountainproject.com/route/106309457/dense-dunce,1.4,-1,Trad,5.8+,1,50,36.15756,-115.49799
"Getting Too Old for This S--t","Ragged Edges Area > Willow Spring > Red Rocks > Southern Nevada > Nevada",https://www.mountainproject.com/route/106965858/getting-too-old-for-this-s-t,2.3,-1,Trad,"5.8+ R",1,60,36.15756,-115.49799
"The Nightman Cometh","Ragged Edges Area > Willow Spring > Red Rocks > Southern Nevada > Nevada",https://www.mountainproject.com/route/107337065/the-nightman-cometh,1.6,-1,Trad,5.9,1,60,36.15756,-115.49799
"Theme Book","Ragged Edges Area > Willow Spring > Red Rocks > Southern Nevada > Nevada",https://www.mountainproject.com/route/105897574/theme-book,2.2,-1,Trad,5.9,1,110,36.15756,-115.49799
"Lethal Weapon II","Ragged Edges Area > Willow Spring > Red Rocks > Southern Nevada > Nevada",https://www.mountainproject.com/route/109067419/lethal-weapon-ii,1.5,-1,Trad,5.9,1,60,36.15756,-115.49799
Kemosabe,"Ragged Edges Area > Willow Spring > Red Rocks > Southern Nevada > Nevada",https://www.mountainproject.com/route/105732944/kemosabe,2.6,-1,Trad,5.10a,1,100,36.15756,-115.49799
"Plan F - Early Exit","Ragged Edges Area > Willow Spring > Red Rocks > Southern Nevada > Nevada",https://www.mountainproject.com/route/107793518/plan-f-early-exit,3.1,-1,Trad,5.10a,1,50,36.15756,-115.49799
"5.8 chopped former sport route","Hidden Falls Wall > Willow Spring > Red Rocks > Southern Nevada > Nevada",https://www.mountainproject.com/route/105849844/58-chopped-former-sport-route,0.3,-1,Trad,"5.8 X",1,80,36.15575,-115.4976
"Black Track","Hidden Falls Wall > Willow Spring > Red Rocks > Southern Nevada > Nevada",https://www.mountainproject.com/route/105732632/black-track,2.9,-1,Trad,5.9,1,60,36.15575,-115.4976
"Just in Case","The Case Face > Willow Spring > Red Rocks > Southern Nevada > Nevada",https://www.mountainproject.com/route/105732731/just-in-case,1.1,-1,Trad,"5.5 R",1,50,36.15819,-115.49937
"Basket Case","The Case Face > Willow Spring > Red Rocks > Southern Nevada > Nevada",https://www.mountainproject.com/route/126896303/basket-case,2.3,-1,Trad,5.6,4,400,36.15819,-115.49937
"Cold Case","The Case Face > Willow Spring > Red Rocks > Southern Nevada > Nevada",https://www.mountainproject.com/route/126970560/cold-case,2.6,-1,Trad,5.6,3,280,36.15819,-115.49937
"Men In Black","The Case Face > Willow Spring > Red Rocks > Southern Nevada > Nevada",https://www.mountainproject.com/route/127216371/men-in-black,2.0,-1,Trad,5.7,4,340,36.15819,-115.49937
"The Best Revenge","The Case Face > Willow Spring > Red Rocks > Southern Nevada > Nevada",https://www.mountainproject.com/route/127257189/the-best-revenge,3.0,-1,Trad,5.7,2,150,36.15819,-115.49937
"Space Case","The Case Face > Willow Spring > Red Rocks > Southern Nevada > Nevada",https://www.mountainproject.com/route/105732734/space-case,1.7,-1,Trad,5.7,1,70,36.15819,-115.49937
"Head Case","The Case Face > Willow Spring > Red Rocks > Southern Nevada > Nevada",https://www.mountainproject.com/route/105732737/head-case,2.6,-1,Trad,5.8,1,70,36.15819,-115.49937
"Hard Case","The Case Face > Willow Spring > Red Rocks > Southern Nevada > Nevada",https://www.mountainproject.com/route/105732740/hard-case,2.6,-1,Trad,5.9+,1,70,36.15819,-115.49937
"Men In Back","The Case Face > Willow Spring > Red Rocks > Southern Nevada > Nevada",https://www.mountainproject.com/route/127222819/men-in-back,3.0,-1,Trad,5.9+,4,340,36.15819,-115.49937
"Chutes and Ladders","Willow Springs South > Willow Spring > Red Rocks > Southern Nevada > Nevada",https://www.mountainproject.com/route/118881597/chutes-and-ladders,2.5,-1,Trad,5.5,2,160,36.15467,-115.49623
"Hawk Eye","Willow Springs South > Willow Spring > Red Rocks > Southern Nevada > Nevada",https://www.mountainproject.com/route/105800855/hawk-eye,1.8,-1,Trad,5.5,1,160,36.15467,-115.49623
"Little Black Book","Willow Springs South > Willow Spring > Red Rocks > Southern Nevada > Nevada",https://www.mountainproject.com/route/105801431/little-black-book,2.4,-1,Trad,5.5,1,160,36.15467,-115.49623
"New Hips Corner","Willow Springs South > Willow Spring > Red Rocks > Southern Nevada > Nevada",https://www.mountainproject.com/route/106810414/new-hips-corner,2.3,-1,Trad,5.5,1,80,36.15467,-115.49623
"Well and Good","Willow Springs South > Willow Spring > Red Rocks > Southern Nevada > Nevada",https://www.mountainproject.com/route/201181579/well-and-good,2.0,-1,Trad,5.5,2,170,36.15467,-115.49623
"High and Dry","Willow Springs South > Willow Spring > Red Rocks > Southern Nevada > Nevada",https://www.mountainproject.com/route/201411801/high-and-dry,3.0,-1,Trad,5.6,1,80,36.15467,-115.49623
"Senior Moment","Willow Springs South > Willow Spring > Red Rocks > Southern Nevada > Nevada",https://www.mountainproject.com/route/105801442/senior-moment,2.3,-1,Trad,5.6,1,160,36.15467,-115.49623
"Headless Chocolate Bunny","Willow Springs South > Willow Spring > Red Rocks > Southern Nevada > Nevada",https://www.mountainproject.com/route/118014609/headless-chocolate-bunny,1.4,-1,Trad,5.6,1,90,36.15467,-115.49623
"Fruit Loops","Willow Springs South > Willow Spring > Red Rocks > Southern Nevada > Nevada",https://www.mountainproject.com/route/107443005/fruit-loops,2.0,-1,Trad,5.6,1,80,36.15467,-115.49623
"Chocolate Tranquility Fountain","Willow Springs South > Willow Spring > Red Rocks > Southern Nevada > Nevada",https://www.mountainproject.com/route/106731023/chocolate-tranquility-fountain,3.0,-1,Trad,5.7,1,90,36.15467,-115.49623
"Lucky Charms","Willow Springs South > Willow Spring > Red Rocks > Southern Nevada > Nevada",https://www.mountainproject.com/route/106810387/lucky-charms,2.3,-1,Trad,5.7,1,80,36.15467,-115.49623
"Cereal Killer","Willow Springs South > Willow Spring > Red Rocks > Southern Nevada > Nevada",https://www.mountainproject.com/route/119637055/cereal-killer,1.0,-1,Trad,5.7,1,150,36.15467,-115.49623
Unknown,"Willow Springs South > Willow Spring > Red Rocks > Southern Nevada > Nevada",https://www.mountainproject.com/route/122359806/unknown,1.0,-1,Trad,"5.7+ R",1,80,36.15467,-115.49623
"Geezer's Face","Willow Springs South > Willow Spring > Red Rocks > Southern Nevada > Nevada",https://www.mountainproject.com/route/106810404/geezers-face,2.6,-1,Trad,5.7+,1,80,36.15467,-115.49623
"Pillar Talk","Willow Springs South > Willow Spring > Red Rocks > Southern Nevada > Nevada",https://www.mountainproject.com/route/105732935/pillar-talk,2.7,-1,Trad,5.7+,2,200,36.15467,-115.49623
"Double Pin-etration","Willow Springs South > Willow Spring > Red Rocks > Southern Nevada > Nevada",https://www.mountainproject.com/route/115410776/double-pin-etration,2.5,-1,Trad,5.7+,1,75,36.15467,-115.49623
"Fun And Games","Willow Springs South > Willow Spring > Red Rocks > Southern Nevada > Nevada",https://www.mountainproject.com/route/108717653/fun-and-games,2.0,-1,Trad,5.8,2,170,36.15467,-115.49623
"Count Chocula","Willow Springs South > Willow Spring > Red Rocks > Southern Nevada > Nevada",https://www.mountainproject.com/route/116834496/count-chocula,2.0,-1,Trad,5.8,1,50,36.15467,-115.49623
"Gimpy Arete","Willow Springs South > Willow Spring > Red Rocks > Southern Nevada > Nevada",https://www.mountainproject.com/route/106987660/gimpy-arete,2.3,-1,Trad,5.8,1,100,36.15467,-115.49623
"New Hips Face","Willow Springs South > Willow Spring > Red Rocks > Southern Nevada > Nevada",https://www.mountainproject.com/route/118620222/new-hips-face,2.8,-1,Trad,5.8+,1,100,36.15467,-115.49623
"Above and Beyond","Willow Springs South > Willow Spring > Red Rocks > Southern Nevada > Nevada",https://www.mountainproject.com/route/108690824/above-and-beyond,2.9,-1,Trad,5.9,1,90,36.15467,-115.49623
"Above, Above and Beyond","Willow Springs South > Willow Spring > Red Rocks > Southern Nevada > Nevada",https://www.mountainproject.com/route/108955810/above-above-and-beyond,3.0,-1,Trad,5.9,1,150,36.15467,-115.49623
"Beyond and Above","Willow Springs South > Willow Spring > Red Rocks > Southern Nevada > Nevada",https://www.mountainproject.com/route/108955848/beyond-and-above,3.0,-1,Trad,5.9,1,150,36.15467,-115.49623
Sleeper,"Willow Springs South > Willow Spring > Red Rocks > Southern Nevada > Nevada",https://www.mountainproject.com/route/105800851/sleeper,2.6,-1,Trad,5.9,1,160,36.15467,-115.49623
"Taking Care of Business","Willow Springs South > Willow Spring > Red Rocks > Southern Nevada > Nevada",https://www.mountainproject.com/route/108955974/taking-care-of-business,3.0,-1,Trad,"5.9+ R",1,100,36.15467,-115.49623
"Nadia's Nine","Willow Springs South > Willow Spring > Red Rocks > Southern Nevada > Nevada",https://www.mountainproject.com/route/105732461/nadias-nine,3.5,-1,Trad,5.10a,2,180,36.15467,-115.49623
Fevered,"Lost Creek Canyon > Willow Spring > Red Rocks > Southern Nevada > Nevada",https://www.mountainproject.com/route/107782448/fevered,0.0,-1,Trad,5.6,5,400,36.15538,-115.49833
Croakstone,"Lost Creek Canyon > Willow Spring > Red Rocks > Southern Nevada > Nevada",https://www.mountainproject.com/route/110369438/croakstone,2.0,-1,Trad,5.8,2,180,36.15538,-115.49833
"Crack of Infernity","Lost Creek Canyon > Willow Spring > Red Rocks > Southern Nevada > Nevada",https://www.mountainproject.com/route/105800843/crack-of-infernity,3.0,-1,Trad,"5.8+ R",4,600,36.15538,-115.49833
"Walk to School","Graduate Cliff > Willow Spring > Red Rocks > Southern Nevada > Nevada",https://www.mountainproject.com/route/105732890/walk-to-school,2.0,-1,Trad,5.7,1,80,36.15766,-115.49941
"Pick your poison","Graduate Cliff > Willow Spring > Red Rocks > Southern Nevada > Nevada",https://www.mountainproject.com/route/118334714/pick-your-poison,3.0,-1,Trad,5.7+,2,200,36.15766,-115.49941
"Pre skool","Graduate Cliff > Willow Spring > Red Rocks > Southern Nevada > Nevada",https://www.mountainproject.com/route/116528387/pre-skool,1.0,-1,Trad,"5.8 PG13",2,260,36.15766,-115.49941
"Unknown Route","Children's Crag > Willow Spring > Red Rocks > Southern Nevada > Nevada",https://www.mountainproject.com/route/113652847/unknown-route,1.5,-1,Trad,5.6,1,80,36.16094,-115.5007
Peaches,"Children's Crag > Willow Spring > Red Rocks > Southern Nevada > Nevada",https://www.mountainproject.com/route/105732950/peaches,2.7,-1,Trad,5.7,1,120,36.16094,-115.5007
"22 Minutes 'til Closing","Children's Crag > Willow Spring > Red Rocks > Southern Nevada > Nevada",https://www.mountainproject.com/route/105844485/22-minutes-til-closing,1.8,-1,Trad,"5.7 PG13",1,140,36.16094,-115.5007
"Stemming Corner","Children's Crag > Willow Spring > Red Rocks > Southern Nevada > Nevada",https://www.mountainproject.com/route/106725230/stemming-corner,2.0,-1,Trad,5.7,1,80,36.16094,-115.5007
"Tarzan's Arm","Children's Crag > Willow Spring > Red Rocks > Southern Nevada > Nevada",https://www.mountainproject.com/route/105732953/tarzans-arm,2.0,-1,Trad,5.8,1,120,36.16094,-115.5007
"Mitten's Revenge","Children's Crag > Willow Spring > Red Rocks > Southern Nevada > Nevada",https://www.mountainproject.com/route/105844461/mittens-revenge,2.0,-1,Trad,5.8,1,105,36.16094,-115.5007
"Sumo Greatness","Children's Crag > Willow Spring > Red Rocks > Southern Nevada > Nevada",https://www.mountainproject.com/route/105917187/sumo-greatness,2.5,-1,Trad,"5.9+ R",1,,36.16094,-115.5007
"Ice Climb","Children's Crag > Willow Spring > Red Rocks > Southern Nevada > Nevada",https://www.mountainproject.com/route/105917196/ice-climb,2.1,-1,Trad,"5.10a R",1,100,36.16094,-115.5007
Cochise,"Lost Creek Lower Tier > Willow Spring > Red Rocks > Southern Nevada > Nevada",https://www.mountainproject.com/route/107785206/cochise,2.3,-1,Trad,5.8,1,120,36.15622,-115.49789
"Little Big Horn","Lost Creek Lower Tier > Willow Spring > Red Rocks > Southern Nevada > Nevada",https://www.mountainproject.com/route/105925470/little-big-horn,3.1,-1,Trad,5.9+,1,80,36.15622,-115.49789
Heatwave,"Lost Creek Lower Tier > Willow Spring > Red Rocks > Southern Nevada > Nevada",https://www.mountainproject.com/route/105931986/heatwave,2.0,-1,Trad,"5.10a R",1,100,36.15622,-115.49789
Unknown,"Lost Creek Lower Tier > Willow Spring > Red Rocks > Southern Nevada > Nevada",https://www.mountainproject.com/route/124960321/unknown,2.0,-1,Trad,5.10a,1,100,36.15622,-115.49789
Spiderline,"Outhouse Wall > Willow Spring > Red Rocks > Southern Nevada > Nevada",https://www.mountainproject.com/route/106121848/spiderline,2.3,-1,Trad,5.7,1,120,36.16129,-115.49761
"Perfect Egg Bite","Outhouse Wall > Willow Spring > Red Rocks > Southern Nevada > Nevada",https://www.mountainproject.com/route/123627503/perfect-egg-bite,1.5,-1,Trad,5.9,1,90,36.16129,-115.49761
"Karate Crack","Outhouse Wall > Willow Spring > Red Rocks > Southern Nevada > Nevada",https://www.mountainproject.com/route/105925508/karate-crack,3.1,-1,Trad,5.9+,1,80,36.16129,-115.49761
"Tricks are for Kids","Outhouse Wall > Willow Spring > Red Rocks > Southern Nevada > Nevada",https://www.mountainproject.com/route/106386383/tricks-are-for-kids,2.3,-1,Trad,5.10a,1,100,36.16129,-115.49761
"Roasting Affair","Outhouse Wall > Willow Spring > Red Rocks > Southern Nevada > Nevada",https://www.mountainproject.com/route/107131136/roasting-affair,2.0,-1,Trad,"5.10- R",1,60,36.16129,-115.49761
"CU on Top","Mossy Ledges Area > Willow Spring > Red Rocks > Southern Nevada > Nevada",https://www.mountainproject.com/route/105974145/cu-on-top,2.1,-1,Trad,5.5,4,400,36.15925,-115.5009
"Coronary Bypass","Mossy Ledges Area > Willow Spring > Red Rocks > Southern Nevada > Nevada",https://www.mountainproject.com/route/106244796/coronary-bypass,2.3,-1,Trad,5.5,2,220,36.15925,-115.5009
"Roberto Duran","Mossy Ledges Area > Willow Spring > Red Rocks > Southern Nevada > Nevada",https://www.mountainproject.com/route/106244647/roberto-duran,2.4,-1,Trad,5.7,3,300,36.15925,-115.5009
"Secret Ingredient","Mossy Ledges Area > Willow Spring > Red Rocks > Southern Nevada > Nevada",https://www.mountainproject.com/route/106244771/secret-ingredient,2.7,-1,Trad,5.7,1,140,36.15925,-115.5009
"Mental Case","Mossy Ledges Area > Willow Spring > Red Rocks > Southern Nevada > Nevada",https://www.mountainproject.com/route/126969724/mental-case,2.4,-1,Trad,5.7,4,400,36.15925,-115.5009
"Chocolate Sunday","Mossy Ledges Area > Willow Spring > Red Rocks > Southern Nevada > Nevada",https://www.mountainproject.com/route/106244663/chocolate-sunday,2.8,-1,Trad,5.8,1,140,36.15925,-115.5009
Pincushion,"Mossy Ledges Area > Willow Spring > Red Rocks > Southern Nevada > Nevada",https://www.mountainproject.com/route/106244809/pincushion,2.4,-1,Trad,5.8,3,400,36.15925,-115.5009
"Sugar Ray","Mossy Ledges Area > Willow Spring > Red Rocks > Southern Nevada > Nevada",https://www.mountainproject.com/route/115967301/sugar-ray,2.7,-1,Trad,5.8,3,300,36.15925,-115.5009
"Rapper's Disappointment","Mossy Ledges Area > Willow Spring > Red Rocks > Southern Nevada > Nevada",https://www.mountainproject.com/route/105974150/rappers-disappointment,1.7,-1,Trad,"5.9 PG13",1,100,36.15925,-115.5009
"Hundred-Foot Stick Clip","Mossy Ledges Area > Willow Spring > Red Rocks > Southern Nevada > Nevada",https://www.mountainproject.com/route/106244687/hundred-foot-stick-clip,2.4,-1,Trad,5.9,1,150,36.15925,-115.5009
"The Barking Dog","Mossy Ledges Area > Willow Spring > Red Rocks > Southern Nevada > Nevada",https://www.mountainproject.com/route/106244782/the-barking-dog,2.0,-1,Trad,5.9,1,120,36.15925,-115.5009
"Numic Warrior","Mossy Ledges Area > Willow Spring > Red Rocks > Southern Nevada > Nevada",https://www.mountainproject.com/route/106245023/numic-warrior,2.3,-1,Trad,5.9,3,400,36.15925,-115.5009
"Soiled Blue Jeans","Mossy Ledges Area > Willow Spring > Red Rocks > Southern Nevada > Nevada",https://www.mountainproject.com/route/127013728/soiled-blue-jeans,3.0,-1,Trad,5.9+,1,120,36.15925,-115.5009
"Soylent Green Jeans","Mossy Ledges Area > Willow Spring > Red Rocks > Southern Nevada > Nevada",https://www.mountainproject.com/route/105925851/soylent-green-jeans,3.2,-1,Trad,5.10a,1,120,36.15925,-115.5009
"Crag Hag","Mother's Crag > Willow Spring > Red Rocks > Southern Nevada > Nevada",https://www.mountainproject.com/route/107333309/crag-hag,1.6,-1,Trad,5.5,1,90,36.16264,-115.50423
"Motorcycle Mama","Mother's Crag > Willow Spring > Red Rocks > Southern Nevada > Nevada",https://www.mountainproject.com/route/107333321/motorcycle-mama,2.5,-1,Trad,5.6,1,90,36.16264,-115.50423
"Mike's Route","Mother's Crag > Willow Spring > Red Rocks > Southern Nevada > Nevada",https://www.mountainproject.com/route/107333327/mikes-route,1.6,-1,Trad,5.6,1,90,36.16264,-115.50423
"Yo Mama","Mother's Crag > Willow Spring > Red Rocks > Southern Nevada > Nevada",https://www.mountainproject.com/route/109044750/yo-mama,0.7,-1,Trad,"5.6 X",1,,36.16264,-115.50423
"Gold Digger","Gold Digger Slab > Willow Spring > Red Rocks > Southern Nevada > Nevada",https://www.mountainproject.com/route/107818812/gold-digger,2.0,-1,Trad,5.7,1,150,36.1574,-115.4939
"Lost And Found","Lost And Found Crag > Willow Spring > Red Rocks > Southern Nevada > Nevada",https://www.mountainproject.com/route/108446552/lost-and-found,2.0,-1,Trad,5.5,1,80,36.1574,-115.4939
"Chrome Fleece","Lost And Found Crag > Willow Spring > Red Rocks > Southern Nevada > Nevada",https://www.mountainproject.com/route/108446577/chrome-fleece,-1.0,-1,Trad,5.5,1,80,36.1574,-115.4939
"Slobber Knob Job","Lost And Found Crag > Willow Spring > Red Rocks > Southern Nevada > Nevada",https://www.mountainproject.com/route/108446609/slobber-knob-job,-1.0,-1,Trad,5.6,1,60,36.1574,-115.4939
"Communist Plan","Lost And Found Crag > Willow Spring > Red Rocks > Southern Nevada > Nevada",https://www.mountainproject.com/route/108446462/communist-plan,-1.0,-1,Trad,5.7,1,80,36.1574,-115.4939
"Dont Mind Dyin'","Lost And Found Crag > Willow Spring > Red Rocks > Southern Nevada > Nevada",https://www.mountainproject.com/route/108446497/dont-mind-dyin,-1.0,-1,Trad,5.10a,1,80,36.1574,-115.4939
"Helldorado Days","Smitty's Caterpillar > Willow Spring > Red Rocks > Southern Nevada > Nevada",https://www.mountainproject.com/route/109008316/helldorado-days,1.0,-1,Trad,5.8,1,60,36.16096,-115.50174
"If I Could Frame a Fart","Smitty's Caterpillar > Willow Spring > Red Rocks > Southern Nevada > Nevada",https://www.mountainproject.com/route/109007913/if-i-could-frame-a-fart,1.0,-1,Trad,5.9,1,60,36.16096,-115.50174
"Mama H","Bathroom Overlook TR > Willow Spring > Red Rocks > Southern Nevada > Nevada",https://www.mountainproject.com/route/118182050/mama-h,2.0,-1,Trad,"5.5 PG13",1,80,36.16138,-115.49795
"Akagi's Folly","Midway Crag > Willow Spring > Red Rocks > Southern Nevada > Nevada",https://www.mountainproject.com/route/119778003/akagis-folly,3.0,-1,Trad,5.7,2,300,36.15181,-115.50597
"Dauntless Dihedral","Midway Crag > Willow Spring > Red Rocks > Southern Nevada > Nevada",https://www.mountainproject.com/route/119779801/dauntless-dihedral,3.0,-1,Trad,5.10a,2,325,36.15181,-115.50597
"Dane's Death Route","Divided Sky Peak > Willow Spring > Red Rocks > Southern Nevada > Nevada",https://www.mountainproject.com/route/119832431/danes-death-route,2.0,-1,Trad,"5.6 PG13",2,250,36.16258,-115.51054
PhDeed,"Higher Learning Wall - Goodman Peak > Willow Spring > Red Rocks > Southern Nevada > Nevada",https://www.mountainproject.com/route/123090914/phdeed,2.0,-1,Trad,5.8,5,400,36.15094,-115.50176
NTP,"Higher Learning Wall - Goodman Peak > Willow Spring > Red Rocks > Southern Nevada > Nevada",https://www.mountainproject.com/route/123090974/ntp,3.0,-1,Trad,"5.8 PG13",4,360,36.15094,-115.50176
"One for the Road","Upper Case > Willow Spring > Red Rocks > Southern Nevada > Nevada",https://www.mountainproject.com/route/127258505/one-for-the-road,2.0,-1,Trad,5.6,2,240,36.15786,-115.49999
"Sean's Face","Upper Case > Willow Spring > Red Rocks > Southern Nevada > Nevada",https://www.mountainproject.com/route/201753376/seans-face,0.0,-1,Trad,"5.6 PG13",2,300,36.15786,-115.49999
"Pussy Nuts","Upper Case > Willow Spring > Red Rocks > Southern Nevada > Nevada",https://www.mountainproject.com/route/107782570/pussy-nuts,2.0,-1,Trad,5.7,1,100,36.15786,-115.49999
"Bad Sushi","Upper Case > Willow Spring > Red Rocks > Southern Nevada > Nevada",https://www.mountainproject.com/route/127258015/bad-sushi,2.0,-1,Trad,5.7,1,150,36.15786,-115.49999
"Piton Route","Upper Case > Willow Spring > Red Rocks > Southern Nevada > Nevada",https://www.mountainproject.com/route/127257486/piton-route,2.0,-1,Trad,5.8,2,245,36.15786,-115.49999
"The Oubliette","Upper Case > Willow Spring > Red Rocks > Southern Nevada > Nevada",https://www.mountainproject.com/route/201944620/the-oubliette,3.0,-1,Trad,5.8,3,150,36.15786,-115.49999
"Brown Eyes Blue Skies","Upper Case > Willow Spring > Red Rocks > Southern Nevada > Nevada",https://www.mountainproject.com/route/127257657/brown-eyes-blue-skies,2.5,-1,Trad,5.8+,3,350,36.15786,-115.49999
"The Boldness","Upper Case > Willow Spring > Red Rocks > Southern Nevada > Nevada",https://www.mountainproject.com/route/107782516/the-boldness,-1.0,-1,Trad,5.9,1,60,36.15786,-115.49999
"Cheatstone Crack","Upper Case > Willow Spring > Red Rocks > Southern Nevada > Nevada",https://www.mountainproject.com/route/106245133/cheatstone-crack,3.2,-1,Trad,5.9,1,80,36.15786,-115.49999
"Eran’s Magic","Lotta Balls Wall > First Creek Canyon > Red Rocks > Southern Nevada > Nevada",https://www.mountainproject.com/route/126137844/erans-magic,3.0,-1,Trad,5.6,1,100,36.07801,-115.47777
"Kick in the Balls","Lotta Balls Wall > First Creek Canyon > Red Rocks > Southern Nevada > Nevada",https://www.mountainproject.com/route/105732719/kick-in-the-balls,2.4,-1,Trad,5.7,2,350,36.07801,-115.47777
"Lotta Brews","Lotta Balls Wall > First Creek Canyon > Red Rocks > Southern Nevada > Nevada",https://www.mountainproject.com/route/108045036/lotta-brews,2.6,-1,Trad,5.7+,3,420,36.07801,-115.47777
"Power to Waste","Lotta Balls Wall > First Creek Canyon > Red Rocks > Southern Nevada > Nevada",https://www.mountainproject.com/route/105990466/power-to-waste,2.3,-1,Trad,5.8,1,150,36.07801,-115.47777
Dodgeball,"Lotta Balls Wall > First Creek Canyon > Red Rocks > Southern Nevada > Nevada",https://www.mountainproject.com/route/106137167/dodgeball,2.7,-1,Trad,5.8,6,700,36.07801,-115.47777
"Freaker's Ball","Lotta Balls Wall > First Creek Canyon > Red Rocks > Southern Nevada > Nevada",https://www.mountainproject.com/route/106177181/freakers-ball,1.0,-1,Trad,"5.8 R",4,500,36.07801,-115.47777
"Lotta Balls","Lotta Balls Wall > First Creek Canyon > Red Rocks > Southern Nevada > Nevada",https://www.mountainproject.com/route/105732242/lotta-balls,3.2,-1,Trad,5.8,3,420,36.07801,-115.47777
"Black Magic","Lotta Balls Wall > First Creek Canyon > Red Rocks > Southern Nevada > Nevada",https://www.mountainproject.com/route/105732590/black-magic,3.2,-1,Trad,5.8,4,580,36.07801,-115.47777
Borderline,"Lotta Balls Wall > First Creek Canyon > Red Rocks > Southern Nevada > Nevada",https://www.mountainproject.com/route/105732848/borderline,2.0,-1,Trad,"5.8 R",4,400,36.07801,-115.47777
"Bruja's Brew","Lotta Balls Wall > First Creek Canyon > Red Rocks > Southern Nevada > Nevada",https://www.mountainproject.com/route/105732872/brujas-brew,2.7,-1,Trad,5.9,4,400,36.07801,-115.47777
"Lost Marbles","Lotta Balls Wall > First Creek Canyon > Red Rocks > Southern Nevada > Nevada",https://www.mountainproject.com/route/105732875/lost-marbles,0.3,-1,Trad,"5.9 X",4,400,36.07801,-115.47777
"Voodoo Doll","Lotta Balls Wall > First Creek Canyon > Red Rocks > Southern Nevada > Nevada",https://www.mountainproject.com/route/105732878/voodoo-doll,2.0,-1,Trad,5.9,4,400,36.07801,-115.47777
"Friendship Route","Alcohol Wall > First Creek Canyon > Red Rocks > Southern Nevada > Nevada",https://www.mountainproject.com/route/106431105/friendship-route,2.4,-1,Trad,5.9,2,150,36.07813,-115.47797
"Buckets of Blood","Mudterm Area > First Creek Canyon > Red Rocks > Southern Nevada > Nevada",https://www.mountainproject.com/route/110536840/buckets-of-blood,1.3,-1,Trad,5.6,6,600,36.07703,-115.47571
"In For a Penny","Mudterm Area > First Creek Canyon > Red Rocks > Southern Nevada > Nevada",https://www.mountainproject.com/route/114213747/in-for-a-penny,1.0,-1,Trad,5.7,1,80,36.07703,-115.47571
"Even Men Out","Mudterm Area > First Creek Canyon > Red Rocks > Southern Nevada > Nevada",https://www.mountainproject.com/route/106912081/even-men-out,2.0,-1,Trad,"5.7 R",5,650,36.07703,-115.47571
"Goods Are Odd","Mudterm Area > First Creek Canyon > Red Rocks > Southern Nevada > Nevada",https://www.mountainproject.com/route/106945667/goods-are-odd,2.0,-1,Trad,5.8,7,550,36.07703,-115.47571
"Moody's Move","Mudterm Area > First Creek Canyon > Red Rocks > Southern Nevada > Nevada",https://www.mountainproject.com/route/106988127/moodys-move,2.2,-1,Trad,5.8,1,80,36.07703,-115.47571
Mudterm,"Mudterm Area > First Creek Canyon > Red Rocks > Southern Nevada > Nevada",https://www.mountainproject.com/route/105732815/mudterm,2.8,-1,Trad,5.9,1,100,36.07703,-115.47571
"Lucky Nuts","Mudterm Area > First Creek Canyon > Red Rocks > Southern Nevada > Nevada",https://www.mountainproject.com/route/105732821/lucky-nuts,2.8,-1,Trad,5.9,1,110,36.07703,-115.47571
"Balancing Act","Mudterm Area > First Creek Canyon > Red Rocks > Southern Nevada > Nevada",https://www.mountainproject.com/route/105732902/balancing-act,1.0,-1,Trad,5.9,5,500,36.07703,-115.47571
"The Red and the Black","Slippery Peak & Slippery Peak Apron > First Creek Canyon > Red Rocks > Southern Nevada > Nevada",https://www.mountainproject.com/route/105732827/the-red-and-the-black,0.7,-1,Trad,"5.7 R",3,400,36.08076,-115.4866
Leviathan,"Slippery Peak & Slippery Peak Apron > First Creek Canyon > Red Rocks > Southern Nevada > Nevada",https://www.mountainproject.com/route/106395601/leviathan,2.5,-1,Trad,5.9,6,700,36.08076,-115.4866
"Stout-Hearted Men","Slippery Peak & Slippery Peak Apron > First Creek Canyon > Red Rocks > Southern Nevada > Nevada",https://www.mountainproject.com/route/106395616/stout-hearted-men,2.0,-1,Trad,5.9,7,1000,36.08076,-115.4866
"Plate Tectonics","Slippery Peak & Slippery Peak Apron > First Creek Canyon > Red Rocks > Southern Nevada > Nevada",https://www.mountainproject.com/route/116779696/plate-tectonics,2.0,-1,Trad,5.10a,6,630,36.08076,-115.4866
"Guise and Gals","Romper Room > First Creek Canyon > Red Rocks > Southern Nevada > Nevada",https://www.mountainproject.com/route/105795000/guise-and-gals,1.8,-1,Trad,5.5,1,75,36.07863,-115.47841
"Buzz, Buzz","Romper Room > First Creek Canyon > Red Rocks > Southern Nevada > Nevada",https://www.mountainproject.com/route/105732452/buzz-buzz,1.8,-1,Trad,5.6,1,80,36.07863,-115.47841
"Doobie Dance","Romper Room > First Creek Canyon > Red Rocks > Southern Nevada > Nevada",https://www.mountainproject.com/route/105733004/doobie-dance,2.7,-1,Trad,5.6,1,90,36.07863,-115.47841
"Girls and Buoys","Romper Room > First Creek Canyon > Red Rocks > Southern Nevada > Nevada",https://www.mountainproject.com/route/105795006/girls-and-buoys,1.5,-1,Trad,5.6,1,80,36.07863,-115.47841
"Magic Mirror","Romper Room > First Creek Canyon > Red Rocks > Southern Nevada > Nevada",https://www.mountainproject.com/route/107314119/magic-mirror,2.0,-1,Trad,5.6,1,180,36.07863,-115.47841
"Romper Room","Romper Room > First Creek Canyon > Red Rocks > Southern Nevada > Nevada",https://www.mountainproject.com/route/105733007/romper-room,2.9,-1,Trad,5.7,1,90,36.07863,-115.47841
"Algae on Parade","Romper Room > First Creek Canyon > Red Rocks > Southern Nevada > Nevada",https://www.mountainproject.com/route/105796219/algae-on-parade,2.7,-1,Trad,5.7,3,600,36.07863,-115.47841
"Kindergarten Cop","Romper Room > First Creek Canyon > Red Rocks > Southern Nevada > Nevada",https://www.mountainproject.com/route/105888134/kindergarten-cop,2.8,-1,Trad,5.7+,1,150,36.07863,-115.47841
"Rising Moons","First Creek Slabs > First Creek Canyon > Red Rocks > Southern Nevada > Nevada",https://www.mountainproject.com/route/105788558/rising-moons,2.3,-1,Trad,"5.5 PG13",3,380,36.07962,-115.47926
"Romanian Rib","First Creek Slabs > First Creek Canyon > Red Rocks > Southern Nevada > Nevada",https://www.mountainproject.com/route/109982808/romanian-rib,2.7,-1,Trad,5.5,8,1300,36.07962,-115.47926
"Romanian Rib - Left Side","First Creek Slabs > First Creek Canyon > Red Rocks > Southern Nevada > Nevada",https://www.mountainproject.com/route/106121316/romanian-rib-left-side,2.6,-1,Trad,5.6,5,1000,36.07962,-115.47926
"Sunset Slab","First Creek Slabs > First Creek Canyon > Red Rocks > Southern Nevada > Nevada",https://www.mountainproject.com/route/106119677/sunset-slab,2.6,-1,Trad,5.7,7,1000,36.07962,-115.47926
"Big Sky","First Creek Slabs > First Creek Canyon > Red Rocks > Southern Nevada > Nevada",https://www.mountainproject.com/route/106126784/big-sky,2.4,-1,Trad,"5.7 R",7,1000,36.07962,-115.47926
"Lady Luck","First Creek Slabs > First Creek Canyon > Red Rocks > Southern Nevada > Nevada",https://www.mountainproject.com/route/106133508/lady-luck,2.8,-1,Trad,5.7,7,1000,36.07962,-115.47926
"Falling Stars","First Creek Slabs > First Creek Canyon > Red Rocks > Southern Nevada > Nevada",https://www.mountainproject.com/route/106388435/falling-stars,1.0,-1,Trad,5.7,1,200,36.07962,-115.47926
"Smiley Face","First Creek Slabs > First Creek Canyon > Red Rocks > Southern Nevada > Nevada",https://www.mountainproject.com/route/106388450/smiley-face,1.5,-1,Trad,5.7,2,200,36.07962,-115.47926
"Sunset Slab Direct","First Creek Slabs > First Creek Canyon > Red Rocks > Southern Nevada > Nevada",https://www.mountainproject.com/route/106388466/sunset-slab-direct,2.8,-1,Trad,5.7,7,1000,36.07962,-115.47926
"Bad Moon Arising","First Creek Slabs > First Creek Canyon > Red Rocks > Southern Nevada > Nevada",https://www.mountainproject.com/route/107389200/bad-moon-arising,1.0,-1,Trad,"5.7 R",1,85,36.07962,-115.47926
"Musical Odyssey","First Creek Slabs > First Creek Canyon > Red Rocks > Southern Nevada > Nevada",https://www.mountainproject.com/route/122212562/musical-odyssey,2.0,-1,Trad,"5.7+ PG13",8,1200,36.07962,-115.47926
"Hot Flash","First Creek Slabs > First Creek Canyon > Red Rocks > Southern Nevada > Nevada",https://www.mountainproject.com/route/106039317/hot-flash,2.9,-1,Trad,5.8,10,1200,36.07962,-115.47926
"Smooth Sailing","First Creek Slabs > First Creek Canyon > Red Rocks > Southern Nevada > Nevada",https://www.mountainproject.com/route/106388441/smooth-sailing,1.8,-1,Trad,5.8,1,200,36.07962,-115.47926
"Comeback Corner","First Creek Slabs > First Creek Canyon > Red Rocks > Southern Nevada > Nevada",https://www.mountainproject.com/route/106046547/comeback-corner,1.8,-1,Trad,5.9,9,1200,36.07962,-115.47926
"Jet Stream II","Labyrinth Wall > First Creek Canyon > Red Rocks > Southern Nevada > Nevada",https://www.mountainproject.com/route/108530139/jet-stream-ii,3.0,-1,Trad,"5.10a R",12,2250,36.07745,-115.48046
"The Minotaur","Labyrinth Wall > First Creek Canyon > Red Rocks > Southern Nevada > Nevada",https://www.mountainproject.com/route/106129373/the-minotaur,2.2,-1,Trad,"5.10- R",8,1000,36.07745,-115.48046
"Celtic Cracks","Labyrinth Wall > First Creek Canyon > Red Rocks > Southern Nevada > Nevada",https://www.mountainproject.com/route/106046398/celtic-cracks,3.1,-1,Trad,"5.10a/b R",8,1300,36.07745,-115.48046
"School of Rock","The Schoolyard > First Creek Canyon > Red Rocks > Southern Nevada > Nevada",https://www.mountainproject.com/route/106355752/school-of-rock,1.5,-1,Trad,5.5,1,100,36.07565,-115.47367
"Schoolyard Bully","The Schoolyard > First Creek Canyon > Red Rocks > Southern Nevada > Nevada",https://www.mountainproject.com/route/106355600/schoolyard-bully,2.0,-1,Trad,5.7,1,120,36.07565,-115.47367
"Deja Vu","The Schoolyard > First Creek Canyon > Red Rocks > Southern Nevada > Nevada",https://www.mountainproject.com/route/106355715/deja-vu,2.5,-1,Trad,5.7,1,120,36.07565,-115.47367
"Sunday School","The Schoolyard > First Creek Canyon > Red Rocks > Southern Nevada > Nevada",https://www.mountainproject.com/route/106355745/sunday-school,2.0,-1,Trad,5.7,1,100,36.07565,-115.47367
"Short Subject","The Schoolyard > First Creek Canyon > Red Rocks > Southern Nevada > Nevada",https://www.mountainproject.com/route/106356125/short-subject,1.0,-1,Trad,5.7,1,50,36.07565,-115.47367
"Dunce's Corner","The Schoolyard > First Creek Canyon > Red Rocks > Southern Nevada > Nevada",https://www.mountainproject.com/route/106356137/dunces-corner,0.0,-1,Trad,5.7,1,80,36.07565,-115.47367
"Multiple Choice","The Schoolyard > First Creek Canyon > Red Rocks > Southern Nevada > Nevada",https://www.mountainproject.com/route/106355741/multiple-choice,0.5,-1,Trad,5.8,1,100,36.07565,-115.47367
"Return of the Jedi","The Schoolyard > First Creek Canyon > Red Rocks > Southern Nevada > Nevada",https://www.mountainproject.com/route/106355722/return-of-the-jedi,3.3,-1,Trad,5.9,1,120,36.07565,-115.47367
"Pop Quiz","The Schoolyard > First Creek Canyon > Red Rocks > Southern Nevada > Nevada",https://www.mountainproject.com/route/106355737/pop-quiz,1.5,-1,Trad,5.9,1,100,36.07565,-115.47367
"Improbable Prose","The Schoolyard > First Creek Canyon > Red Rocks > Southern Nevada > Nevada",https://www.mountainproject.com/route/106449155/improbable-prose,2.0,-1,Trad,5.9,1,90,36.07565,-115.47367
"Blackboard Technique","The Schoolyard > First Creek Canyon > Red Rocks > Southern Nevada > Nevada",https://www.mountainproject.com/route/114192775/blackboard-technique,2.0,-1,Trad,5.9,1,160,36.07565,-115.47367
"Discipline Problem","The Schoolyard > First Creek Canyon > Red Rocks > Southern Nevada > Nevada",https://www.mountainproject.com/route/116098515/discipline-problem,2.9,-1,Trad,"5.9 PG13",1,80,36.07565,-115.47367
"Somebody Else's Splitter","The Schoolyard > First Creek Canyon > Red Rocks > Southern Nevada > Nevada",https://www.mountainproject.com/route/125270535/somebody-elses-splitter,3.0,-1,Trad,5.9,1,65,36.07565,-115.47367
"Across The Choss","The Schoolyard > First Creek Canyon > Red Rocks > Southern Nevada > Nevada",https://www.mountainproject.com/route/116614810/across-the-choss,2.5,-1,Trad,"5.9+ PG13",1,140,36.07565,-115.47367
"Coffin Corner","The Schoolyard > First Creek Canyon > Red Rocks > Southern Nevada > Nevada",https://www.mountainproject.com/route/106355595/coffin-corner,3.3,-1,Trad,5.10a,1,140,36.07565,-115.47367
"Jungle Gem","Slot Club Wall > First Creek Canyon > Red Rocks > Southern Nevada > Nevada",https://www.mountainproject.com/route/116499666/jungle-gem,2.0,-1,Trad,5.6,1,120,36.0812,-115.4776
Escondite,"Slot Club Wall > First Creek Canyon > Red Rocks > Southern Nevada > Nevada",https://www.mountainproject.com/route/116498555/escondite,2.5,-1,Trad,5.7,3,300,36.0812,-115.4776
"Sugar on Top","Slot Club Wall > First Creek Canyon > Red Rocks > Southern Nevada > Nevada",https://www.mountainproject.com/route/116246136/sugar-on-top,0.0,-1,Trad,5.8,1,100,36.0812,-115.4776
"Humidity Police Fugitives","Slot Club Wall > First Creek Canyon > Red Rocks > Southern Nevada > Nevada",https://www.mountainproject.com/route/116374562/humidity-police-fugitives,1.0,-1,Trad,5.8,3,280,36.0812,-115.4776
"Bighorn Campus Coffee House","Slot Club Wall > First Creek Canyon > Red Rocks > Southern Nevada > Nevada",https://www.mountainproject.com/route/116497977/bighorn-campus-coffee-house,2.0,-1,Trad,5.8,1,120,36.0812,-115.4776
"The Polygon Petting Zoo","Slot Club Wall > First Creek Canyon > Red Rocks > Southern Nevada > Nevada",https://www.mountainproject.com/route/116498010/the-polygon-petting-zoo,3.0,-1,Trad,5.8,1,100,36.0812,-115.4776
"Extortion Among Friends","Slot Club Wall > First Creek Canyon > Red Rocks > Southern Nevada > Nevada",https://www.mountainproject.com/route/116499647/extortion-among-friends,2.5,-1,Trad,5.8,1,50,36.0812,-115.4776
Hopscotch,"Slot Club Wall > First Creek Canyon > Red Rocks > Southern Nevada > Nevada",https://www.mountainproject.com/route/116499682/hopscotch,2.0,-1,Trad,5.8,1,120,36.0812,-115.4776
"Ms. Guided","Slot Club Wall > First Creek Canyon > Red Rocks > Southern Nevada > Nevada",https://www.mountainproject.com/route/118219383/ms-guided,1.0,-1,Trad,"5.8 PG13",1,80,36.0812,-115.4776
"Coming of Age","Slot Club Wall > First Creek Canyon > Red Rocks > Southern Nevada > Nevada",https://www.mountainproject.com/route/116246164/coming-of-age,2.3,-1,Trad,5.9,1,90,36.0812,-115.4776
"I Don't Need It Anymore","Slot Club Wall > First Creek Canyon > Red Rocks > Southern Nevada > Nevada",https://www.mountainproject.com/route/116375828/i-dont-need-it-anymore,2.0,-1,Trad,5.9,2,120,36.0812,-115.4776
"The Bathypelagic Zone","Slot Club Wall > First Creek Canyon > Red Rocks > Southern Nevada > Nevada",https://www.mountainproject.com/route/116497609/the-bathypelagic-zone,2.0,-1,Trad,5.9,2,200,36.0812,-115.4776
"Plankton's Revenge","Slot Club Wall > First Creek Canyon > Red Rocks > Southern Nevada > Nevada",https://www.mountainproject.com/route/116623057/planktons-revenge,3.0,-1,Trad,"5.9 R",1,100,36.0812,-115.4776
"The Closet","Slot Club Wall > First Creek Canyon > Red Rocks > Southern Nevada > Nevada",https://www.mountainproject.com/route/107888885/the-closet,2.0,-1,Trad,5.9,1,100,36.0812,-115.4776
"Pinball Crack","Slot Club Wall > First Creek Canyon > Red Rocks > Southern Nevada > Nevada",https://www.mountainproject.com/route/106405836/pinball-crack,2.8,-1,Trad,5.9+,1,125,36.0812,-115.4776
"Winner Winner Chicken Wing Dinner","Slot Club Wall > First Creek Canyon > Red Rocks > Southern Nevada > Nevada",https://www.mountainproject.com/route/116549966/winner-winner-chicken-wing-dinner,3.3,-1,Trad,5.9+,2,200,36.0812,-115.4776
"Your Own Personal Torture Chamber","Slot Club Wall > First Creek Canyon > Red Rocks > Southern Nevada > Nevada",https://www.mountainproject.com/route/116622922/your-own-personal-torture-chamber,2.0,-1,Trad,5.10-,2,200,36.0812,-115.4776
"Berry Nice","Strawberry Hill Buttress > First Creek Canyon > Red Rocks > Southern Nevada > Nevada",https://www.mountainproject.com/route/106551342/berry-nice,2.6,-1,Trad,5.6,5,700,36.08014,-115.48175
"Country Quencher","Strawberry Hill Buttress > First Creek Canyon > Red Rocks > Southern Nevada > Nevada",https://www.mountainproject.com/route/106556658/country-quencher,2.3,-1,Trad,5.7,5,550,36.08014,-115.48175
"Strawberry Hill","Strawberry Hill Buttress > First Creek Canyon > Red Rocks > Southern Nevada > Nevada",https://www.mountainproject.com/route/106559834/strawberry-hill,2.1,-1,Trad,5.7,5,700,36.08014,-115.48175
Margaritaville,"Strawberry Hill Buttress > First Creek Canyon > Red Rocks > Southern Nevada > Nevada",https://www.mountainproject.com/route/106562800/margaritaville,1.0,-1,Trad,5.7,5,700,36.08014,-115.48175
"Squeeze Of Lime","Strawberry Hill Buttress > First Creek Canyon > Red Rocks > Southern Nevada > Nevada",https://www.mountainproject.com/route/106678178/squeeze-of-lime,2.0,-1,Trad,5.7,4,400,36.08014,-115.48175
"Strawberry Fields Forever","Strawberry Hill Buttress > First Creek Canyon > Red Rocks > Southern Nevada > Nevada",https://www.mountainproject.com/route/116367832/strawberry-fields-forever,2.6,-1,Trad,5.8,5,550,36.08014,-115.48175
"Fine Whine","Strawberry Hill Buttress > First Creek Canyon > Red Rocks > Southern Nevada > Nevada",https://www.mountainproject.com/route/106560104/fine-whine,2.9,-1,Trad,5.9,4,500,36.08014,-115.48175
"Rolling Thunder","Strawberry Hill Buttress > First Creek Canyon > Red Rocks > Southern Nevada > Nevada",https://www.mountainproject.com/route/106560452/rolling-thunder,3.0,-1,Trad,5.9,4,500,36.08014,-115.48175
"Banjo Boys","Strawberry Hill Buttress > First Creek Canyon > Red Rocks > Southern Nevada > Nevada",https://www.mountainproject.com/route/123808046/banjo-boys,2.0,-1,Trad,5.9,1,150,36.08014,-115.48175
"Burn Your Feelings","Slippery Buttress > First Creek Canyon > Red Rocks > Southern Nevada > Nevada",https://www.mountainproject.com/route/200425543/burn-your-feelings,3.0,-1,Trad,5.5,3,450,36.0813,-115.48416
"Slip of the Arrow","Slippery Buttress > First Creek Canyon > Red Rocks > Southern Nevada > Nevada",https://www.mountainproject.com/route/113729916/slip-of-the-arrow,2.6,-1,Trad,5.7+,3,500,36.0813,-115.48416
"Relapse Prevention","Lower Slot Club Wall > First Creek Canyon > Red Rocks > Southern Nevada > Nevada",https://www.mountainproject.com/route/114026739/relapse-prevention,1.0,-1,Trad,5.9,1,180,36.08101,-115.47918
"Clyde Finds Wellington","Bearclaw Spire > First Creek Canyon > Red Rocks > Southern Nevada > Nevada",https://www.mountainproject.com/route/111545952/clyde-finds-wellington,2.3,-1,Trad,5.8,3,200,36.08264,-115.47998
"Wellington finds Walloon Brabant","Bearclaw Spire > First Creek Canyon > Red Rocks > Southern Nevada > Nevada",https://www.mountainproject.com/route/116100267/wellington-finds-walloon-brabant,2.0,-1,Trad,"5.8 PG13",1,90,36.08264,-115.47998
"Third Crack Left of The Maw","Bearclaw Spire > First Creek Canyon > Red Rocks > Southern Nevada > Nevada",https://www.mountainproject.com/route/116113947/third-crack-left-of-the-maw,3.0,-1,Trad,5.9,2,180,36.08264,-115.47998
"Dirtbagger's Compensation","Bearclaw Spire > First Creek Canyon > Red Rocks > Southern Nevada > Nevada",https://www.mountainproject.com/route/114111580/dirtbaggers-compensation,2.7,-1,Trad,5.10a,10,1040,36.08264,-115.47998
"Baby Don't Herd Me","Bighorn Bluff > First Creek Canyon > Red Rocks > Southern Nevada > Nevada",https://www.mountainproject.com/route/116821717/baby-dont-herd-me,2.0,-1,Trad,5.10a,3,400,36.08293,-115.4847
"A Horse with No Name","The Amber Oasis > First Creek Canyon > Red Rocks > Southern Nevada > Nevada",https://www.mountainproject.com/route/118290407/a-horse-with-no-name,2.0,-1,Trad,5.7,2,250,36.08195,-115.47808
"Monkey Paws","The Amber Oasis > First Creek Canyon > Red Rocks > Southern Nevada > Nevada",https://www.mountainproject.com/route/118314494/monkey-paws,2.0,-1,Trad,5.8+,1,80,36.08195,-115.47808
"A Tan Camel","The Amber Oasis > First Creek Canyon > Red Rocks > Southern Nevada > Nevada",https://www.mountainproject.com/route/118290341/a-tan-camel,2.5,-1,Trad,5.9,1,50,36.08195,-115.47808
"The Silk Road","The Amber Oasis > First Creek Canyon > Red Rocks > Southern Nevada > Nevada",https://www.mountainproject.com/route/118290380/the-silk-road,1.0,-1,Trad,5.9,2,250,36.08195,-115.47808
"Amber Oasis","The Amber Oasis > First Creek Canyon > Red Rocks > Southern Nevada > Nevada",https://www.mountainproject.com/route/118294177/amber-oasis,3.0,-1,Trad,5.9,1,130,36.08195,-115.47808
"Watchtower Intrigue","The Amber Oasis > First Creek Canyon > Red Rocks > Southern Nevada > Nevada",https://www.mountainproject.com/route/118296326/watchtower-intrigue,2.0,-1,Trad,5.9+,1,80,36.08195,-115.47808
"Dietary Constrictions","The Amber Oasis > First Creek Canyon > Red Rocks > Southern Nevada > Nevada",https://www.mountainproject.com/route/118294342/dietary-constrictions,2.0,-1,Trad,5.10-,1,100,36.08195,-115.47808
"The Chicken Ranch","The Gentleman's Club > First Creek Canyon > Red Rocks > Southern Nevada > Nevada",https://www.mountainproject.com/route/120058942/the-chicken-ranch,1.0,-1,Trad,5.6,1,30,36.08178,-115.4762
"Ladies Drink Free","The Gentleman's Club > First Creek Canyon > Red Rocks > Southern Nevada > Nevada",https://www.mountainproject.com/route/120058907/ladies-drink-free,2.0,-1,Trad,5.8,1,40,36.08178,-115.4762
"Spearmint Rhino","The Gentleman's Club > First Creek Canyon > Red Rocks > Southern Nevada > Nevada",https://www.mountainproject.com/route/120059150/spearmint-rhino,1.0,-1,Trad,5.8,1,30,36.08178,-115.4762
"Rick's Tally Ho","The Gentleman's Club > First Creek Canyon > Red Rocks > Southern Nevada > Nevada",https://www.mountainproject.com/route/120059169/ricks-tally-ho,2.0,-1,Trad,5.8,1,30,36.08178,-115.4762
"Spare Rib","Cloud Tower > Juniper Canyon > Red Rocks > Southern Nevada > Nevada",https://www.mountainproject.com/route/105733076/spare-rib,2.3,-1,Trad,5.8,4,300,36.11237,-115.48908
"Crimson Chrysalis","Cloud Tower > Juniper Canyon > Red Rocks > Southern Nevada > Nevada",https://www.mountainproject.com/route/105732281/crimson-chrysalis,3.6,-1,Trad,5.8+,9,1000,36.11237,-115.48908
"Laceration Spur","Cloud Tower > Juniper Canyon > Red Rocks > Southern Nevada > Nevada",https://www.mountainproject.com/route/105733061/laceration-spur,2.0,-1,Trad,5.9,14,1400,36.11237,-115.48908
Pachyderm,"Cloud Tower > Juniper Canyon > Red Rocks > Southern Nevada > Nevada",https://www.mountainproject.com/route/105733079/pachyderm,1.3,-1,Trad,"5.9 R",5,540,36.11237,-115.48908
Thag-Hag,"Cloud Tower > Juniper Canyon > Red Rocks > Southern Nevada > Nevada",https://www.mountainproject.com/route/118056966/thag-hag,2.5,-1,Trad,5.9,4,400,36.11237,-115.48908
"Test Tube","Cloud Tower > Juniper Canyon > Red Rocks > Southern Nevada > Nevada",https://www.mountainproject.com/route/105854288/test-tube,2.7,-1,Trad,5.9+,3,320,36.11237,-115.48908
"Hook, Line, and Whimper","Cloud Tower > Juniper Canyon > Red Rocks > Southern Nevada > Nevada",https://www.mountainproject.com/route/106382630/hook-line-and-whimper,2.0,-1,Trad,"5.10- R",4,550,36.11237,-115.48908
"Jack's Lament","Ginger Buttress > Juniper Canyon > Red Rocks > Southern Nevada > Nevada",https://www.mountainproject.com/route/116817902/jacks-lament,3.0,-1,Trad,5.8-,1,40,36.11213,-115.48829
"Waterstreak Chimney","Ginger Buttress > Juniper Canyon > Red Rocks > Southern Nevada > Nevada",https://www.mountainproject.com/route/121535048/waterstreak-chimney,2.3,-1,Trad,5.8,2,300,36.11213,-115.48829
"Thyme Alone","Ginger Buttress > Juniper Canyon > Red Rocks > Southern Nevada > Nevada",https://www.mountainproject.com/route/121535061/thyme-alone,3.0,-1,"Trad, Aid","5.8 C2",7,1100,36.11213,-115.48829
"Ginger Cracks","Ginger Buttress > Juniper Canyon > Red Rocks > Southern Nevada > Nevada",https://www.mountainproject.com/route/105732260/ginger-cracks,3.2,-1,Trad,5.9,7,900,36.11213,-115.48829
"Ginger Crack Variation Finish (Der Guberbaum)","Ginger Buttress > Juniper Canyon > Red Rocks > Southern Nevada > Nevada",https://www.mountainproject.com/route/113781810/ginger-crack-variation-finish-der-guberbaum,3.0,-1,Trad,5.9,1,175,36.11213,-115.48829
"Snake Buttress","Ginger Buttress > Juniper Canyon > Red Rocks > Southern Nevada > Nevada",https://www.mountainproject.com/route/105733130/snake-buttress,1.7,-1,Trad,5.9+,19,1500,36.11213,-115.48829
"Cumin Trafficking","Ginger Buttress > Juniper Canyon > Red Rocks > Southern Nevada > Nevada",https://www.mountainproject.com/route/121507464/cumin-trafficking,2.3,-1,Trad,5.10-,1,115,36.11213,-115.48829
"The Ginger Buttress (full)","Ginger Buttress > Juniper Canyon > Red Rocks > Southern Nevada > Nevada",https://www.mountainproject.com/route/122000938/the-ginger-buttress-full,2.9,-1,Trad,5.10-,14,1700,36.11213,-115.48829
Geronimo,"Jackrabbit Buttress > Juniper Canyon > Red Rocks > Southern Nevada > Nevada",https://www.mountainproject.com/route/105732377/geronimo,3.0,3,Trad,5.6,4,,36.11526,-115.48953
"Myster Z","Jackrabbit Buttress > Juniper Canyon > Red Rocks > Southern Nevada > Nevada",https://www.mountainproject.com/route/105732365/myster-z,2.4,-1,Trad,5.7,7,800,36.11526,-115.48953
"Don't Touch That in Front of Grandma","Jackrabbit Buttress > Juniper Canyon > Red Rocks > Southern Nevada > Nevada",https://www.mountainproject.com/route/105732704/dont-touch-that-in-front-of-grandma,0.5,-1,Trad,"5.7 R",1,70,36.11526,-115.48953
"Larry's Leftovers (aka How Did I Get So Lucky)","Jackrabbit Buttress > Juniper Canyon > Red Rocks > Southern Nevada > Nevada",https://www.mountainproject.com/route/125299267/larrys-leftovers-aka-how-did-i-get-so-lucky,2.5,-1,Trad,5.7,2,180,36.11526,-115.48953
"Mz. Why","Jackrabbit Buttress > Juniper Canyon > Red Rocks > Southern Nevada > Nevada",https://www.mountainproject.com/route/109952463/mz-why,1.8,-1,Trad,5.7,2,300,36.11526,-115.48953
"Rose Hips","Jackrabbit Buttress > Juniper Canyon > Red Rocks > Southern Nevada > Nevada",https://www.mountainproject.com/route/106121193/rose-hips,2.0,-1,Trad,5.7+,5,650,36.11526,-115.48953
"Ernest Stemmingway","Jackrabbit Buttress > Juniper Canyon > Red Rocks > Southern Nevada > Nevada",https://www.mountainproject.com/route/106171469/ernest-stemmingway,2.7,-1,Trad,5.8,5,700,36.11526,-115.48953
Degunker,"Jackrabbit Buttress > Juniper Canyon > Red Rocks > Southern Nevada > Nevada",https://www.mountainproject.com/route/106189722/degunker,1.5,-1,Trad,5.8,5,700,36.11526,-115.48953
"Nelson Miles","Jackrabbit Buttress > Juniper Canyon > Red Rocks > Southern Nevada > Nevada",https://www.mountainproject.com/route/111495777/nelson-miles,1.0,-1,Trad,5.8,4,500,36.11526,-115.48953
"Crazy Horse","Jackrabbit Buttress > Juniper Canyon > Red Rocks > Southern Nevada > Nevada",https://www.mountainproject.com/route/105732659/crazy-horse,2.0,-1,Trad,"5.8 R",7,,36.11526,-115.48953
"Stuffed Animals on Prozac","Jackrabbit Buttress > Juniper Canyon > Red Rocks > Southern Nevada > Nevada",https://www.mountainproject.com/route/105732701/stuffed-animals-on-prozac,1.0,-1,Trad,5.8,2,300,36.11526,-115.48953
Cottontail,"Jackrabbit Buttress > Juniper Canyon > Red Rocks > Southern Nevada > Nevada",https://www.mountainproject.com/route/105732707/cottontail,1.5,-1,Trad,5.8,1,70,36.11526,-115.48953
"The Cherub","Jackrabbit Buttress > Juniper Canyon > Red Rocks > Southern Nevada > Nevada",https://www.mountainproject.com/route/202429698/the-cherub,-1.0,-1,Trad,5.8,1,100,36.11526,-115.48953
"Exorcising My Rights","Jackrabbit Buttress > Juniper Canyon > Red Rocks > Southern Nevada > Nevada",https://www.mountainproject.com/route/202429807/exorcising-my-rights,-1.0,-1,Trad,"5.8 PG13",3,200,36.11526,-115.48953
"Quality Corner","Jackrabbit Buttress > Juniper Canyon > Red Rocks > Southern Nevada > Nevada",https://www.mountainproject.com/route/202429844/quality-corner,-1.0,-1,Trad,5.8,3,200,36.11526,-115.48953
"The Arch Angel","Jackrabbit Buttress > Juniper Canyon > Red Rocks > Southern Nevada > Nevada",https://www.mountainproject.com/route/202429757/the-arch-angel,-1.0,-1,Trad,5.9,2,200,36.11526,-115.48953
"Make Me an Angel","Jackrabbit Buttress > Juniper Canyon > Red Rocks > Southern Nevada > Nevada",https://www.mountainproject.com/route/202429586/make-me-an-angel,-1.0,-1,Trad,5.9,3,360,36.11526,-115.48953
"Blind Spot","Jackrabbit Buttress > Juniper Canyon > Red Rocks > Southern Nevada > Nevada",https://www.mountainproject.com/route/106171424/blind-spot,1.7,-1,Trad,5.9,2,200,36.11526,-115.48953
"Smooth Operator","Jackrabbit Buttress > Juniper Canyon > Red Rocks > Southern Nevada > Nevada",https://www.mountainproject.com/route/106189708/smooth-operator,2.7,-1,Trad,5.9,6,700,36.11526,-115.48953
"Saddle Up","Jackrabbit Buttress > Juniper Canyon > Red Rocks > Southern Nevada > Nevada",https://www.mountainproject.com/route/108054319/saddle-up,3.1,-1,Trad,5.9,4,590,36.11526,-115.48953
"Swine Tasting","Jackrabbit Buttress > Juniper Canyon > Red Rocks > Southern Nevada > Nevada",https://www.mountainproject.com/route/108575117/swine-tasting,1.8,-1,Trad,5.9,4,600,36.11526,-115.48953
"The Minerva","Jackrabbit Buttress > Juniper Canyon > Red Rocks > Southern Nevada > Nevada",https://www.mountainproject.com/route/108883218/the-minerva,3.0,-1,Trad,"5.9 PG13",1,60,36.11526,-115.48953
"SD Slot","Jackrabbit Buttress > Juniper Canyon > Red Rocks > Southern Nevada > Nevada",https://www.mountainproject.com/route/109914303/sd-slot,-1.0,-1,Trad,5.9,2,120,36.11526,-115.48953
"Gigglenut Rampage","Jackrabbit Buttress > Juniper Canyon > Red Rocks > Southern Nevada > Nevada",https://www.mountainproject.com/route/109941531/gigglenut-rampage,2.0,-1,Trad,"5.9 PG13",5,500,36.11526,-115.48953
"Rabbit Stew","Jackrabbit Buttress > Juniper Canyon > Red Rocks > Southern Nevada > Nevada",https://www.mountainproject.com/route/116165665/rabbit-stew,2.3,-1,Trad,5.9,5,,36.11526,-115.48953
"Chimney Cricket","Jackrabbit Buttress > Juniper Canyon > Red Rocks > Southern Nevada > Nevada",https://www.mountainproject.com/route/116368939/chimney-cricket,2.5,-1,Trad,5.9,4,630,36.11526,-115.48953
"Idiocy of an Odyssey","Jackrabbit Buttress > Juniper Canyon > Red Rocks > Southern Nevada > Nevada",https://www.mountainproject.com/route/109960313/idiocy-of-an-odyssey,2.7,-1,Trad,5.10-,5,500,36.11526,-115.48953
"Birthday Cake","Brownstone Wall > Juniper Canyon > Red Rocks > Southern Nevada > Nevada",https://www.mountainproject.com/route/106409783/birthday-cake,2.2,-1,Trad,5.5,6,700,36.11483,-115.4957
"Peanut Brittle","Brownstone Wall > Juniper Canyon > Red Rocks > Southern Nevada > Nevada",https://www.mountainproject.com/route/106612603/peanut-brittle,2.0,-1,Trad,"5.7 R",7,800,36.11483,-115.4957
"Hueco Thanks","Brownstone Wall > Juniper Canyon > Red Rocks > Southern Nevada > Nevada",https://www.mountainproject.com/route/107112493/hueco-thanks,0.0,-1,Trad,5.7,3,450,36.11483,-115.4957
"Me, Myself and I","Brownstone Wall > Juniper Canyon > Red Rocks > Southern Nevada > Nevada",https://www.mountainproject.com/route/121479747/me-myself-and-i,2.0,-1,Trad,5.7,5,620,36.11483,-115.4957
"Black Dagger","Brownstone Wall > Juniper Canyon > Red Rocks > Southern Nevada > Nevada",https://www.mountainproject.com/route/105732395/black-dagger,3.3,-1,Trad,"5.8 PG13",6,800,36.11483,-115.4957
"Cat Scratch Fever","Brownstone Wall > Juniper Canyon > Red Rocks > Southern Nevada > Nevada",https://www.mountainproject.com/route/105795247/cat-scratch-fever,3.0,-1,Trad,5.8,6,700,36.11483,-115.4957
Armatron,"Brownstone Wall > Juniper Canyon > Red Rocks > Southern Nevada > Nevada",https://www.mountainproject.com/route/105809181/armatron,3.6,-1,Trad,5.9-,6,680,36.11483,-115.4957
"Hourglass Diversion","Brownstone Wall > Juniper Canyon > Red Rocks > Southern Nevada > Nevada",https://www.mountainproject.com/route/105811574/hourglass-diversion,2.4,-1,Trad,5.9,5,650,36.11483,-115.4957
"Arms Reduction","Brownstone Wall > Juniper Canyon > Red Rocks > Southern Nevada > Nevada",https://www.mountainproject.com/route/105955835/arms-reduction,2.3,-1,Trad,5.9,2,400,36.11483,-115.4957
"Sweet Thin","Brownstone Wall > Juniper Canyon > Red Rocks > Southern Nevada > Nevada",https://www.mountainproject.com/route/106961976/sweet-thin,3.5,-1,Trad,5.9,7,730,36.11483,-115.4957
"Requiem for a Tadpole","Brownstone Wall > Juniper Canyon > Red Rocks > Southern Nevada > Nevada",https://www.mountainproject.com/route/106121507/requiem-for-a-tadpole,2.9,-1,Trad,5.9+,5,750,36.11483,-115.4957
"Three Choclateers","Brownstone Wall > Juniper Canyon > Red Rocks > Southern Nevada > Nevada",https://www.mountainproject.com/route/107112523/three-choclateers,2.7,-1,Trad,"5.9+ PG13",5,700,36.11483,-115.4957
"J + J Swerve","Brownstone Wall > Juniper Canyon > Red Rocks > Southern Nevada > Nevada",https://www.mountainproject.com/route/107321598/j-j-swerve,2.0,-1,Trad,5.10-,1,190,36.11483,-115.4957
"Poopship Destroyer","Brownstone Wall > Juniper Canyon > Red Rocks > Southern Nevada > Nevada",https://www.mountainproject.com/route/127338942/poopship-destroyer,1.6,-1,Trad,5.10-,3,350,36.11483,-115.4957
"Sand Castle","Brownstone Wall > Juniper Canyon > Red Rocks > Southern Nevada > Nevada",https://www.mountainproject.com/route/106046495/sand-castle,1.5,-1,Trad,5.10a/b,2,410,36.11483,-115.4957
"Questionable Foundation","Rose Tower > Juniper Canyon > Red Rocks > Southern Nevada > Nevada",https://www.mountainproject.com/route/125493910/questionable-foundation,1.0,-1,Trad,"5.6 PG13",1,100,36.1178,-115.48805
"Canola Crack - Right","Rose Tower > Juniper Canyon > Red Rocks > Southern Nevada > Nevada",https://www.mountainproject.com/route/106072082/canola-crack-right,2.3,-1,Trad,5.7,1,60,36.1178,-115.48805
"One-Armed Bandit","Rose Tower > Juniper Canyon > Red Rocks > Southern Nevada > Nevada",https://www.mountainproject.com/route/107434442/one-armed-bandit,2.3,-1,Trad,5.7,5,490,36.1178,-115.48805
"Olive Oil","Rose Tower > Juniper Canyon > Red Rocks > Southern Nevada > Nevada",https://www.mountainproject.com/route/105732494/olive-oil,3.4,-1,Trad,5.7,5,600,36.1178,-115.48805
"Rose Tower - Original Route","Rose Tower > Juniper Canyon > Red Rocks > Southern Nevada > Nevada",https://www.mountainproject.com/route/105797697/rose-tower-original-route,1.5,-1,Trad,5.7,7,800,36.1178,-115.48805
"Canola Crack - Left","Rose Tower > Juniper Canyon > Red Rocks > Southern Nevada > Nevada",https://www.mountainproject.com/route/106067881/canola-crack-left,1.7,-1,Trad,5.7+,1,100,36.1178,-115.48805
"Rose Tower | 4275","Rose Tower > Juniper Canyon > Red Rocks > Southern Nevada > Nevada",https://www.mountainproject.com/route/107474275/rose-tower-4275,2.6,-1,Trad,5.9,1,80,36.1178,-115.48805
"Desert Solitaire","The Rainbow Wall > Juniper Canyon > Red Rocks > Southern Nevada > Nevada",https://www.mountainproject.com/route/106229689/desert-solitaire,4.0,-1,"Trad, Aid","5.9 A3+",8,1200,36.11139,-115.49615
"Paiute Pillar","The Rainbow Wall > Juniper Canyon > Red Rocks > Southern Nevada > Nevada",https://www.mountainproject.com/route/106745032/paiute-pillar,1.0,-1,Trad,"5.9 R",9,1500,36.11139,-115.49615
"The Big Payback","The Rainbow Wall > Juniper Canyon > Red Rocks > Southern Nevada > Nevada",https://www.mountainproject.com/route/119687472/the-big-payback,2.5,-1,"Trad, Aid","5.9 A3",12,1400,36.11139,-115.49615
"Bird Hunter Buttress","The Rainbow Wall > Juniper Canyon > Red Rocks > Southern Nevada > Nevada",https://www.mountainproject.com/route/105732983/bird-hunter-buttress,3.0,-1,Trad,5.9,13,1100,36.11139,-115.49615
"Luxor Crack","Luxor Wall > Juniper Canyon > Red Rocks > Southern Nevada > Nevada",https://www.mountainproject.com/route/105832541/luxor-crack,3.4,-1,Trad,"5.5 PG13",1,120,36.11436,-115.48707
"Delux Crack","Luxor Wall > Juniper Canyon > Red Rocks > Southern Nevada > Nevada",https://www.mountainproject.com/route/105832549/delux-crack,2.0,-1,Trad,5.6,1,110,36.11436,-115.48707
"Cougar Ledge","Jungle Wall > Juniper Canyon > Red Rocks > Southern Nevada > Nevada",https://www.mountainproject.com/route/113767660/cougar-ledge,2.6,-1,Trad,5.6,1,40,36.11776,-115.48996
"Amazon Prime","Jungle Wall > Juniper Canyon > Red Rocks > Southern Nevada > Nevada",https://www.mountainproject.com/route/121469784/amazon-prime,2.0,-1,Trad,5.6,1,170,36.11776,-115.48996
"The Shwack","Jungle Wall > Juniper Canyon > Red Rocks > Southern Nevada > Nevada",https://www.mountainproject.com/route/113796536/the-shwack,3.0,-1,Trad,5.7,1,150,36.11776,-115.48996
"Toothless Tiger","Jungle Wall > Juniper Canyon > Red Rocks > Southern Nevada > Nevada",https://www.mountainproject.com/route/113802314/toothless-tiger,2.0,-1,Trad,5.7,1,75,36.11776,-115.48996
"Bear Necessities","Jungle Wall > Juniper Canyon > Red Rocks > Southern Nevada > Nevada",https://www.mountainproject.com/route/113706125/bear-necessities,2.5,-1,Trad,5.8,1,150,36.11776,-115.48996
"Little Britches","Jungle Wall > Juniper Canyon > Red Rocks > Southern Nevada > Nevada",https://www.mountainproject.com/route/113706152/little-britches,3.6,-1,Trad,5.8,1,100,36.11776,-115.48996
Catamount,"Jungle Wall > Juniper Canyon > Red Rocks > Southern Nevada > Nevada",https://www.mountainproject.com/route/113767733/catamount,2.7,-1,Trad,5.8,1,110,36.11776,-115.48996
"Jungle Rot","Jungle Wall > Juniper Canyon > Red Rocks > Southern Nevada > Nevada",https://www.mountainproject.com/route/113720566/jungle-rot,2.4,-1,Trad,"5.9 PG13",1,100,36.11776,-115.48996
"The Panther","Jungle Wall > Juniper Canyon > Red Rocks > Southern Nevada > Nevada",https://www.mountainproject.com/route/113767724/the-panther,2.0,-1,Trad,5.9,1,100,36.11776,-115.48996
"Aye-Aye Cap'n","Jungle Wall > Juniper Canyon > Red Rocks > Southern Nevada > Nevada",https://www.mountainproject.com/route/113781371/aye-aye-capn,2.0,-1,Trad,5.9,1,100,36.11776,-115.48996
"Bush Pig","Jungle Wall > Juniper Canyon > Red Rocks > Southern Nevada > Nevada",https://www.mountainproject.com/route/113767581/bush-pig,3.7,-1,Trad,5.9+,1,130,36.11776,-115.48996
"Elephants on Parade","Jungle Wall > Juniper Canyon > Red Rocks > Southern Nevada > Nevada",https://www.mountainproject.com/route/113741064/elephants-on-parade,2.0,-1,Trad,5.10a,3,300,36.11776,-115.48996
"Vanilla Gorilla","Jungle Wall > Juniper Canyon > Red Rocks > Southern Nevada > Nevada",https://www.mountainproject.com/route/113741190/vanilla-gorilla,2.0,-1,Trad,5.10-,1,60,36.11776,-115.48996
"Canopy Crack","Jungle Wall > Juniper Canyon > Red Rocks > Southern Nevada > Nevada",https://www.mountainproject.com/route/113720535/canopy-crack,2.0,-1,Trad,5.10a/b,1,110,36.11776,-115.48996
Aquarium,"Aquarium Wall > Juniper Canyon > Red Rocks > Southern Nevada > Nevada",https://www.mountainproject.com/route/113755995/aquarium,2.7,-1,Trad,5.7+,10,1200,36.11653,-115.48831
"Minnows on Mescaline","Aquarium Wall > Juniper Canyon > Red Rocks > Southern Nevada > Nevada",https://www.mountainproject.com/route/106068194/minnows-on-mescaline,2.0,-1,Trad,5.8,6,700,36.11653,-115.48831
"Guppies on Ritalin","Aquarium Wall > Juniper Canyon > Red Rocks > Southern Nevada > Nevada",https://www.mountainproject.com/route/106068218/guppies-on-ritalin,1.5,-1,Trad,5.8,5,700,36.11653,-115.48831
Balsamic,"Aquarium Wall > Juniper Canyon > Red Rocks > Southern Nevada > Nevada",https://www.mountainproject.com/route/106139835/balsamic,2.0,-1,Trad,5.8,1,150,36.11653,-115.48831
"Angelfish on Adderall","Aquarium Wall > Juniper Canyon > Red Rocks > Southern Nevada > Nevada",https://www.mountainproject.com/route/124193640/angelfish-on-adderall,2.7,-1,Trad,5.8,5,600,36.11653,-115.48831
"The Not Very Enjoyable Corner","Aquarium Wall > Juniper Canyon > Red Rocks > Southern Nevada > Nevada",https://www.mountainproject.com/route/124193808/the-not-very-enjoyable-corner,1.0,-1,Trad,5.8,1,120,36.11653,-115.48831
Moondog,"Aquarium Wall > Juniper Canyon > Red Rocks > Southern Nevada > Nevada",https://www.mountainproject.com/route/116827636/moondog,2.2,-1,Trad,5.9,5,760,36.11653,-115.48831
"The Octopus Cave","Aquarium Wall > Juniper Canyon > Red Rocks > Southern Nevada > Nevada",https://www.mountainproject.com/route/106138890/the-octopus-cave,2.0,-1,Trad,5.9,2,200,36.11653,-115.48831
Luna,"Aquarium Wall > Juniper Canyon > Red Rocks > Southern Nevada > Nevada",https://www.mountainproject.com/route/127119416/luna,2.0,-1,Trad,5.9+,7,740,36.11653,-115.48831
"Tree Hugger","Tree Hugger Buttress > Juniper Canyon > Red Rocks > Southern Nevada > Nevada",https://www.mountainproject.com/route/108900292/tree-hugger,1.5,-1,Trad,5.8,2,300,36.11326,-115.49192
"North Face of Rainbow Mountain","North Face of Rainbow Mountain > Juniper Canyon > Red Rocks > Southern Nevada > Nevada",https://www.mountainproject.com/route/110957141/north-face-of-rainbow-mountain,2.0,-1,Trad,"5.9+ R",1,,36.11204,-115.49766
Zoroaster,"Yin and Yang Cliff > Kraft Mountain Area > Calico Basin > Red Rocks > Southern Nevada > Nevada",https://www.mountainproject.com/route/105732860/zoroaster,2.0,-1,Trad,"5.6 X",1,30,36.16791,-115.42695
Miniwanka,"Yin and Yang Cliff > Kraft Mountain Area > Calico Basin > Red Rocks > Southern Nevada > Nevada",https://www.mountainproject.com/route/107077673/miniwanka,1.9,-1,Trad,5.7,1,40,36.16791,-115.42695
"Budda's Corner","Yin and Yang Cliff > Kraft Mountain Area > Calico Basin > Red Rocks > Southern Nevada > Nevada",https://www.mountainproject.com/route/105926086/buddas-corner,1.4,-1,Trad,5.7+,1,,36.16791,-115.42695
"Boxing Day","Yin and Yang Cliff > Kraft Mountain Area > Calico Basin > Red Rocks > Southern Nevada > Nevada",https://www.mountainproject.com/route/111476995/boxing-day,2.0,-1,Trad,"5.8 R",1,40,36.16791,-115.42695
Bigwank,"Yin and Yang Cliff > Kraft Mountain Area > Calico Basin > Red Rocks > Southern Nevada > Nevada",https://www.mountainproject.com/route/107914182/bigwank,2.4,-1,Trad,5.9,1,20,36.16791,-115.42695
Atman,"Yin and Yang Cliff > Kraft Mountain Area > Calico Basin > Red Rocks > Southern Nevada > Nevada",https://www.mountainproject.com/route/105732482/atman,3.1,-1,Trad,5.10a,1,40,36.16791,-115.42695
"Hole in the Pants","Winter Heat Wall > Kraft Mountain Area > Calico Basin > Red Rocks > Southern Nevada > Nevada",https://www.mountainproject.com/route/108758677/hole-in-the-pants,1.2,-1,Trad,5.7+,2,190,36.16876,-115.42245
"Nuttin Could be Finer","Winter Heat Wall > Kraft Mountain Area > Calico Basin > Red Rocks > Southern Nevada > Nevada",https://www.mountainproject.com/route/113546093/nuttin-could-be-finer,1.8,-1,Trad,"5.8 PG13",1,70,36.16876,-115.42245
"Couldn't be Schmooter","Winter Heat Wall > Kraft Mountain Area > Calico Basin > Red Rocks > Southern Nevada > Nevada",https://www.mountainproject.com/route/105934930/couldnt-be-schmooter,3.2,-1,Trad,5.9-,1,80,36.16876,-115.42245
"High Class Ho","Winter Heat Wall > Kraft Mountain Area > Calico Basin > Red Rocks > Southern Nevada > Nevada",https://www.mountainproject.com/route/105953648/high-class-ho,2.9,-1,Trad,5.10a/b,1,80,36.16876,-115.42245
"Ex Conz","Sunny and Steep > Kraft Mountain Area > Calico Basin > Red Rocks > Southern Nevada > Nevada",https://www.mountainproject.com/route/123421139/ex-conz,2.0,-1,Trad,5.9+,1,70,36.16986,-115.42321
"Practice Crack","The Playground (AKA The Mall) > Kraft Mountain Area > Calico Basin > Red Rocks > Southern Nevada > Nevada",https://www.mountainproject.com/route/105915723/practice-crack,1.9,-1,Trad,5.9+,1,60,36.16133,-115.41245
"The Figurine","The Playground (AKA The Mall) > Kraft Mountain Area > Calico Basin > Red Rocks > Southern Nevada > Nevada",https://www.mountainproject.com/route/106643426/the-figurine,1.0,-1,Trad,5.10a,1,50,36.16133,-115.41245
"Black Sheep","Family Crag > Kraft Mountain Area > Calico Basin > Red Rocks > Southern Nevada > Nevada",https://www.mountainproject.com/route/105991181/black-sheep,2.3,-1,Trad,"5.8 PG13",1,80,36.16368,-115.41321
"Lost Child","Family Crag > Kraft Mountain Area > Calico Basin > Red Rocks > Southern Nevada > Nevada",https://www.mountainproject.com/route/125366732/lost-child,3.0,-1,Trad,"5.8 PG13",1,120,36.16368,-115.41321
"Crumble My Grundle","Conundrum Crag > Kraft Mountain Area > Calico Basin > Red Rocks > Southern Nevada > Nevada",https://www.mountainproject.com/route/108092699/crumble-my-grundle,2.2,-1,Trad,5.7+,1,70,36.16322,-115.41317
"Short for The Grade","Meyer's Cracks > Kraft Mountain Area > Calico Basin > Red Rocks > Southern Nevada > Nevada",https://www.mountainproject.com/route/117046378/short-for-the-grade,2.0,-1,Trad,5.9,1,15,36.17439,-115.43
"Spies Like Us","The Spy Cliff > West Shoulder of Kraft Mountain > Kraft Mountain Area > Calico Basin > Red Rocks > Southern Nevada > Nevada",https://www.mountainproject.com/route/107046446/spies-like-us,1.0,-1,Trad,5.9,1,150,36.16397,-115.42492
"Days of Our Lives","Three Peaks Gully > West Shoulder of Kraft Mountain > Kraft Mountain Area > Calico Basin > Red Rocks > Southern Nevada > Nevada",https://www.mountainproject.com/route/107046611/days-of-our-lives,1.3,-1,Trad,5.5,1,40,36.16273,-115.42564
"Tongue Mud","Three Peaks Gully > West Shoulder of Kraft Mountain > Kraft Mountain Area > Calico Basin > Red Rocks > Southern Nevada > Nevada",https://www.mountainproject.com/route/107049761/tongue-mud,1.8,-1,Trad,5.5,1,50,36.16273,-115.42564
"Wild Thing","Three Peaks Gully > West Shoulder of Kraft Mountain > Kraft Mountain Area > Calico Basin > Red Rocks > Southern Nevada > Nevada",https://www.mountainproject.com/route/107046539/wild-thing,1.3,-1,Trad,5.6,1,70,36.16273,-115.42564
"Alternate Lives","Three Peaks Gully > West Shoulder of Kraft Mountain > Kraft Mountain Area > Calico Basin > Red Rocks > Southern Nevada > Nevada",https://www.mountainproject.com/route/107046627/alternate-lives,1.0,-1,Trad,5.6,1,40,36.16273,-115.42564
"Edge of Night","Three Peaks Gully > West Shoulder of Kraft Mountain > Kraft Mountain Area > Calico Basin > Red Rocks > Southern Nevada > Nevada",https://www.mountainproject.com/route/107049400/edge-of-night,1.1,-1,Trad,5.6,1,30,36.16273,-115.42564
"The O.C.","Three Peaks Gully > West Shoulder of Kraft Mountain > Kraft Mountain Area > Calico Basin > Red Rocks > Southern Nevada > Nevada",https://www.mountainproject.com/route/112441668/the-oc,1.0,-1,Trad,5.6,1,40,36.16273,-115.42564
"The Young And Restless","Three Peaks Gully > West Shoulder of Kraft Mountain > Kraft Mountain Area > Calico Basin > Red Rocks > Southern Nevada > Nevada",https://www.mountainproject.com/route/107049389/the-young-and-restless,2.0,-1,Trad,5.7,1,50,36.16273,-115.42564
"Matlock Eats a Rabbit","Three Peaks Gully > West Shoulder of Kraft Mountain > Kraft Mountain Area > Calico Basin > Red Rocks > Southern Nevada > Nevada",https://www.mountainproject.com/route/122221645/matlock-eats-a-rabbit,2.0,-1,Trad,5.8,1,80,36.16273,-115.42564
"American Singles","The Processed Food Buttress > West Shoulder of Kraft Mountain > Kraft Mountain Area > Calico Basin > Red Rocks > Southern Nevada > Nevada",https://www.mountainproject.com/route/111545880/american-singles,0.0,-1,Trad,5.5,1,100,36.16228,-115.42598
"Easy Mac","The Processed Food Buttress > West Shoulder of Kraft Mountain > Kraft Mountain Area > Calico Basin > Red Rocks > Southern Nevada > Nevada",https://www.mountainproject.com/route/111545750/easy-mac,0.0,-1,Trad,5.6,1,100,36.16228,-115.42598
"Cheez Whiz","The Processed Food Buttress > West Shoulder of Kraft Mountain > Kraft Mountain Area > Calico Basin > Red Rocks > Southern Nevada > Nevada",https://www.mountainproject.com/route/111545758/cheez-whiz,0.0,-1,Trad,5.8,1,100,36.16228,-115.42598
"Grey Poupon","The Processed Food Buttress > West Shoulder of Kraft Mountain > Kraft Mountain Area > Calico Basin > Red Rocks > Southern Nevada > Nevada",https://www.mountainproject.com/route/111545794/grey-poupon,0.0,-1,Trad,5.9,1,100,36.16228,-115.42598
Reef,"The Lighthouse > West Shoulder of Kraft Mountain > Kraft Mountain Area > Calico Basin > Red Rocks > Southern Nevada > Nevada",https://www.mountainproject.com/route/123708248/reef,2.0,-1,Trad,5.7,1,30,36.16577,-115.42451
"Scott’s Way","Lost City West > The Lost City > West Shoulder of Kraft Mountain > Kraft Mountain Area > Calico Basin > Red Rocks > Southern Nevada > Nevada",https://www.mountainproject.com/route/123730103/scotts-way,2.0,-1,Trad,5.6,1,70,36.1657,-115.42425
Embalmed,"Lost City West > The Lost City > West Shoulder of Kraft Mountain > Kraft Mountain Area > Calico Basin > Red Rocks > Southern Nevada > Nevada",https://www.mountainproject.com/route/123730219/embalmed,2.0,-1,Trad,5.6,1,40,36.1657,-115.42425
"Mummys’ Boys","Lost City West > The Lost City > West Shoulder of Kraft Mountain > Kraft Mountain Area > Calico Basin > Red Rocks > Southern Nevada > Nevada",https://www.mountainproject.com/route/123730070/mummys-boys,2.0,-1,Trad,5.7,1,60,36.1657,-115.42425
"Baggin Like Bilbo","Lost City West > The Lost City > West Shoulder of Kraft Mountain > Kraft Mountain Area > Calico Basin > Red Rocks > Southern Nevada > Nevada",https://www.mountainproject.com/route/123730078/baggin-like-bilbo,2.0,-1,Trad,5.8-,1,60,36.1657,-115.42425
"Monkey King","Lost City West > The Lost City > West Shoulder of Kraft Mountain > Kraft Mountain Area > Calico Basin > Red Rocks > Southern Nevada > Nevada",https://www.mountainproject.com/route/123730193/monkey-king,2.0,-1,Trad,5.10-,1,60,36.1657,-115.42425
"Lower left crack.","Lost City East > The Lost City > West Shoulder of Kraft Mountain > Kraft Mountain Area > Calico Basin > Red Rocks > Southern Nevada > Nevada",https://www.mountainproject.com/route/123730318/lower-left-crack,1.0,-1,Trad,5.6,1,30,36.16599,-115.42401
"Tomb Raiders","Lost City East > The Lost City > West Shoulder of Kraft Mountain > Kraft Mountain Area > Calico Basin > Red Rocks > Southern Nevada > Nevada",https://www.mountainproject.com/route/123730434/tomb-raiders,1.0,-1,Trad,5.6,1,60,36.16599,-115.42401
"Wannabe Scarabs","Lost City East > The Lost City > West Shoulder of Kraft Mountain > Kraft Mountain Area > Calico Basin > Red Rocks > Southern Nevada > Nevada",https://www.mountainproject.com/route/123730500/wannabe-scarabs,2.0,-1,Trad,5.9,1,50,36.16599,-115.42401
"Funky Tut","Lost City East > The Lost City > West Shoulder of Kraft Mountain > Kraft Mountain Area > Calico Basin > Red Rocks > Southern Nevada > Nevada",https://www.mountainproject.com/route/123730384/funky-tut,2.0,-1,Trad,5.10-,1,70,36.16599,-115.42401
"Fielders Choice","Lost City East > The Lost City > West Shoulder of Kraft Mountain > Kraft Mountain Area > Calico Basin > Red Rocks > Southern Nevada > Nevada",https://www.mountainproject.com/route/123730410/fielders-choice,2.0,-1,Trad,5.10-,1,70,36.16599,-115.42401
"Red Tail Hawk corner","Red Tail Hawk Cliff > West Shoulder of Kraft Mountain > Kraft Mountain Area > Calico Basin > Red Rocks > Southern Nevada > Nevada",https://www.mountainproject.com/route/123751356/red-tail-hawk-corner,2.0,-1,Trad,5.8,1,70,36.16544,-115.42067
"Bonus Pullout Section","Caligula Crag > Kraft Mountain Area > Calico Basin > Red Rocks > Southern Nevada > Nevada",https://www.mountainproject.com/route/117684135/bonus-pullout-section,1.0,-1,Trad,5.6,1,30,36.16602,-115.41532
Hefner,"Caligula Crag > Kraft Mountain Area > Calico Basin > Red Rocks > Southern Nevada > Nevada",https://www.mountainproject.com/route/117683884/hefner,0.0,-1,Trad,5.7,1,30,36.16602,-115.41532
"Kiplings’ Korners","Kraft Crags > Kraft Mountain Area > Calico Basin > Red Rocks > Southern Nevada > Nevada",https://www.mountainproject.com/route/122221270/kiplings-korners,2.3,-1,Trad,5.8,2,200,36.16129,-115.41725
DNR1,"Kraft Crags > Kraft Mountain Area > Calico Basin > Red Rocks > Southern Nevada > Nevada",https://www.mountainproject.com/route/200481147/dnr1,-1.0,-1,Trad,5.8,2,200,36.16129,-115.41725
DNR2,"Kraft Crags > Kraft Mountain Area > Calico Basin > Red Rocks > Southern Nevada > Nevada",https://www.mountainproject.com/route/200481152/dnr2,-1.0,-1,Trad,5.8,2,200,36.16129,-115.41725
DNR3,"Kraft Crags > Kraft Mountain Area > Calico Basin > Red Rocks > Southern Nevada > Nevada",https://www.mountainproject.com/route/200481352/dnr3,-1.0,-1,Trad,5.8,1,150,36.16129,-115.41725
DNR4,"Kraft Crags > Kraft Mountain Area > Calico Basin > Red Rocks > Southern Nevada > Nevada",https://www.mountainproject.com/route/200481371/dnr4,-1.0,-1,Trad,5.8,1,150,36.16129,-115.41725
DNR5,"Kraft Crags > Kraft Mountain Area > Calico Basin > Red Rocks > Southern Nevada > Nevada",https://www.mountainproject.com/route/200481398/dnr5,-1.0,-1,Trad,5.8,1,150,36.16129,-115.41725
DNR6,"Kraft Crags > Kraft Mountain Area > Calico Basin > Red Rocks > Southern Nevada > Nevada",https://www.mountainproject.com/route/200481410/dnr6,-1.0,-1,Trad,5.8,1,100,36.16129,-115.41725
"Three’s Company","Kraft Crags > Kraft Mountain Area > Calico Basin > Red Rocks > Southern Nevada > Nevada",https://www.mountainproject.com/route/200481421/threes-company,-1.0,-1,Trad,5.8,2,300,36.16129,-115.41725
DNR7,"Kraft Crags > Kraft Mountain Area > Calico Basin > Red Rocks > Southern Nevada > Nevada",https://www.mountainproject.com/route/200481462/dnr7,-1.0,-1,Trad,5.8,2,200,36.16129,-115.41725
DNR8,"Kraft Crags > Kraft Mountain Area > Calico Basin > Red Rocks > Southern Nevada > Nevada",https://www.mountainproject.com/route/200482266/dnr8,-1.0,-1,"Trad, TR","5.8 R",1,100,36.16129,-115.41725
DNR9,"Kraft Crags > Kraft Mountain Area > Calico Basin > Red Rocks > Southern Nevada > Nevada",https://www.mountainproject.com/route/200483089/dnr9,-1.0,-1,"Trad, TR",5.8,1,100,36.16129,-115.41725
DNR10,"Kraft Crags > Kraft Mountain Area > Calico Basin > Red Rocks > Southern Nevada > Nevada",https://www.mountainproject.com/route/200483110/dnr10,-1.0,-1,"Trad, TR",5.8,1,100,36.16129,-115.41725
DNR11,"Kraft Crags > Kraft Mountain Area > Calico Basin > Red Rocks > Southern Nevada > Nevada",https://www.mountainproject.com/route/200483143/dnr11,0.0,-1,Trad,5.8,2,200,36.16129,-115.41725
DNR12,"Kraft Crags > Kraft Mountain Area > Calico Basin > Red Rocks > Southern Nevada > Nevada",https://www.mountainproject.com/route/200484290/dnr12,-1.0,-1,Trad,5.8,2,200,36.16129,-115.41725
DNR13,"Kraft Crags > Kraft Mountain Area > Calico Basin > Red Rocks > Southern Nevada > Nevada",https://www.mountainproject.com/route/200488522/dnr13,-1.0,-1,Trad,5.8,1,100,36.16129,-115.41725
DNR14,"Kraft Crags > Kraft Mountain Area > Calico Basin > Red Rocks > Southern Nevada > Nevada",https://www.mountainproject.com/route/200488527/dnr14,-1.0,-1,Trad,5.8,1,100,36.16129,-115.41725
"Schrödinger's Calico","Kraft Crags > Kraft Mountain Area > Calico Basin > Red Rocks > Southern Nevada > Nevada",https://www.mountainproject.com/route/111539931/schrodingers-calico,2.5,-1,Trad,"5.9 PG13",1,200,36.16129,-115.41725
"Classic Crack of Calico","Kraft Crags > Kraft Mountain Area > Calico Basin > Red Rocks > Southern Nevada > Nevada",https://www.mountainproject.com/route/107384640/classic-crack-of-calico,3.1,-1,Trad,5.9+,3,320,36.16129,-115.41725
"Shark Attack","Kraft Crags > Kraft Mountain Area > Calico Basin > Red Rocks > Southern Nevada > Nevada",https://www.mountainproject.com/route/107474206/shark-attack,1.0,-1,Trad,5.9+,2,115,36.16129,-115.41725
"Semi-Professional Moron","Kraft Crags > Kraft Mountain Area > Calico Basin > Red Rocks > Southern Nevada > Nevada",https://www.mountainproject.com/route/107467389/semi-professional-moron,2.0,-1,Trad,5.10a,2,150,36.16129,-115.41725
Chiaroscuro,"Kraft Crags > Kraft Mountain Area > Calico Basin > Red Rocks > Southern Nevada > Nevada",https://www.mountainproject.com/route/122148562/chiaroscuro,2.0,-1,Trad,"5.10- R",2,250,36.16129,-115.41725
"Partners in Crime","Kraft Crags > Kraft Mountain Area > Calico Basin > Red Rocks > Southern Nevada > Nevada",https://www.mountainproject.com/route/123447796/partners-in-crime,2.0,-1,Trad,5.10-,1,70,36.16129,-115.41725
"Harsh Width","Gateway Crag > Kraft Mountain Area > Calico Basin > Red Rocks > Southern Nevada > Nevada",https://www.mountainproject.com/route/107473376/harsh-width,3.0,-1,Trad,5.9,1,60,36.16649,-115.41873
"Black hole","Skid Row > Kraft Mountain Area > Calico Basin > Red Rocks > Southern Nevada > Nevada",https://www.mountainproject.com/route/117384674/black-hole,1.0,-1,Trad,5.8+,1,60,36.16165,-115.41928
"Good Feeling","Skid Row > Kraft Mountain Area > Calico Basin > Red Rocks > Southern Nevada > Nevada",https://www.mountainproject.com/route/117086094/good-feeling,3.0,-1,Trad,5.9+,1,100,36.16165,-115.41928
SAR,"Skid Row > Kraft Mountain Area > Calico Basin > Red Rocks > Southern Nevada > Nevada",https://www.mountainproject.com/route/117082478/sar,3.0,-1,Trad,5.10a,1,70,36.16165,-115.41928
"Finnegans Wake","Finnegans Wake > Kraft Mountain Area > Calico Basin > Red Rocks > Southern Nevada > Nevada",https://www.mountainproject.com/route/119971936/finnegans-wake,2.0,-1,Trad,"5.8 R",2,175,36.16218,-115.42079
"Ori borie","Colorado Dogs > Kraft Mountain Area > Calico Basin > Red Rocks > Southern Nevada > Nevada",https://www.mountainproject.com/route/122655291/ori-borie,2.0,-1,Trad,5.6,1,70,36.16929,-115.42158
Kori,"Colorado Dogs > Kraft Mountain Area > Calico Basin > Red Rocks > Southern Nevada > Nevada",https://www.mountainproject.com/route/122655324/kori,1.6,-1,Trad,5.6,1,90,36.16929,-115.42158
"Grace Belle","The Swirly Cliff > Kraft Mountain Area > Calico Basin > Red Rocks > Southern Nevada > Nevada",https://www.mountainproject.com/route/123421775/grace-belle,2.0,-1,Trad,5.7,2,130,36.16602,-115.4153
"Hawaiian Cruise","The Swirly Cliff > Kraft Mountain Area > Calico Basin > Red Rocks > Southern Nevada > Nevada",https://www.mountainproject.com/route/123421839/hawaiian-cruise,2.0,-1,Trad,5.7,2,200,36.16602,-115.4153
"Double D Ramp","The Swirly Cliff > Kraft Mountain Area > Calico Basin > Red Rocks > Southern Nevada > Nevada",https://www.mountainproject.com/route/123421894/double-d-ramp,2.0,-1,Trad,5.7,2,200,36.16602,-115.4153
"The Main Swirl","The Swirly Cliff > Kraft Mountain Area > Calico Basin > Red Rocks > Southern Nevada > Nevada",https://www.mountainproject.com/route/123421701/the-main-swirl,3.0,-1,Trad,5.9,2,150,36.16602,-115.4153
"Ultra Glide","Upper Tier > Little Springs Crag > Little Springs Canyon > Calico Basin > Red Rocks > Southern Nevada > Nevada",https://www.mountainproject.com/route/107048948/ultra-glide,1.5,-1,Trad,5.5,1,70,36.15361,-115.4266
"Electra Glide","Upper Tier > Little Springs Crag > Little Springs Canyon > Calico Basin > Red Rocks > Southern Nevada > Nevada",https://www.mountainproject.com/route/107048925/electra-glide,1.1,-1,Trad,5.6,1,60,36.15361,-115.4266
"Super Glide","Upper Tier > Little Springs Crag > Little Springs Canyon > Calico Basin > Red Rocks > Southern Nevada > Nevada",https://www.mountainproject.com/route/107048914/super-glide,2.2,-1,Trad,5.9+,1,60,36.15361,-115.4266
"Wide Glide","Lower Tier > Little Springs Crag > Little Springs Canyon > Calico Basin > Red Rocks > Southern Nevada > Nevada",https://www.mountainproject.com/route/107048856/wide-glide,2.0,-1,Trad,5.9,1,50,36.15362,-115.42635
"Guys and Ghouls","Dickies Cliff > Guardian Angel East > Calico Basin > Red Rocks > Southern Nevada > Nevada",https://www.mountainproject.com/route/105732671/guys-and-ghouls,1.9,-1,Trad,5.7,1,90,36.15163,-115.42827
"Lancaster Levels Luxor","Dickies Cliff > Guardian Angel East > Calico Basin > Red Rocks > Southern Nevada > Nevada",https://www.mountainproject.com/route/105732674/lancaster-levels-luxor,2.8,-1,Trad,5.9,1,80,36.15163,-115.42827
"Bottoms up","Gnat Man Crag > Guardian Angel East > Calico Basin > Red Rocks > Southern Nevada > Nevada",https://www.mountainproject.com/route/105732683/bottoms-up,2.7,-1,Trad,5.7,1,90,36.15158,-115.42864
"Ghouls Just Wanna Have Fun","Gnat Man Crag > Guardian Angel East > Calico Basin > Red Rocks > Southern Nevada > Nevada",https://www.mountainproject.com/route/105733019/ghouls-just-wanna-have-fun,2.2,-1,Trad,5.7,1,100,36.15158,-115.42864
"Day of the Jackholes","Gnat Man Crag > Guardian Angel East > Calico Basin > Red Rocks > Southern Nevada > Nevada",https://www.mountainproject.com/route/114066239/day-of-the-jackholes,2.6,-1,Trad,5.9,1,80,36.15158,-115.42864
"P-Coat Junction","Gnat Man Crag > Guardian Angel East > Calico Basin > Red Rocks > Southern Nevada > Nevada",https://www.mountainproject.com/route/105733022/p-coat-junction,2.0,-1,Trad,5.9,1,100,36.15158,-115.42864
"Knock the Bottom Out of It","Gnat Man Crag > Guardian Angel East > Calico Basin > Red Rocks > Southern Nevada > Nevada",https://www.mountainproject.com/route/106295546/knock-the-bottom-out-of-it,2.3,-1,Trad,"5.10a PG13",1,100,36.15158,-115.42864
"P-Coat Sleeve","Gnat Man Crag > Guardian Angel East > Calico Basin > Red Rocks > Southern Nevada > Nevada",https://www.mountainproject.com/route/105733025/p-coat-sleeve,2.2,-1,Trad,5.10a,1,100,36.15158,-115.42864
"Happy Acres","Black Wall (aka Happy Acres) > Guardian Angel East > Calico Basin > Red Rocks > Southern Nevada > Nevada",https://www.mountainproject.com/route/105733031/happy-acres,1.0,-1,Trad,5.7,2,150,36.15232,-115.43057
"Thank Me Later","Black Wall (aka Happy Acres) > Guardian Angel East > Calico Basin > Red Rocks > Southern Nevada > Nevada",https://www.mountainproject.com/route/202429920/thank-me-later,-1.0,-1,Trad,5.8,1,200,36.15232,-115.43057
"Greek Tragedy","Black Wall (aka Happy Acres) > Guardian Angel East > Calico Basin > Red Rocks > Southern Nevada > Nevada",https://www.mountainproject.com/route/108960059/greek-tragedy,1.5,-1,Trad,"5.8 PG13",1,60,36.15232,-115.43057
"Geriatric Therapy","Black Wall (aka Happy Acres) > Guardian Angel East > Calico Basin > Red Rocks > Southern Nevada > Nevada",https://www.mountainproject.com/route/105933183/geriatric-therapy,2.0,-1,Trad,5.8,2,260,36.15232,-115.43057
"Spontaneous Enjoyment","Black Wall (aka Happy Acres) > Guardian Angel East > Calico Basin > Red Rocks > Southern Nevada > Nevada",https://www.mountainproject.com/route/105933142/spontaneous-enjoyment,2.1,-1,Trad,5.8,1,170,36.15232,-115.43057
"All that, Jazz","Black Wall (aka Happy Acres) > Guardian Angel East > Calico Basin > Red Rocks > Southern Nevada > Nevada",https://www.mountainproject.com/route/105926130/all-that-jazz,2.7,-1,Trad,5.8,3,300,36.15232,-115.43057
"Cram It","Black Wall (aka Happy Acres) > Guardian Angel East > Calico Basin > Red Rocks > Southern Nevada > Nevada",https://www.mountainproject.com/route/105733028/cram-it,2.7,-1,Trad,5.8+,1,100,36.15232,-115.43057
"The Laugh Track","Black Wall (aka Happy Acres) > Guardian Angel East > Calico Basin > Red Rocks > Southern Nevada > Nevada",https://www.mountainproject.com/route/202927988/the-laugh-track,2.5,-1,Trad,5.9,1,115,36.15232,-115.43057
"The Life Chuckle","Black Wall (aka Happy Acres) > Guardian Angel East > Calico Basin > Red Rocks > Southern Nevada > Nevada",https://www.mountainproject.com/route/119787501/the-life-chuckle,2.3,-1,Trad,5.9,1,,36.15232,-115.43057
"Baby Teeth","Cut Your Teeth Crag > Guardian Angel East > Calico Basin > Red Rocks > Southern Nevada > Nevada",https://www.mountainproject.com/route/105864806/baby-teeth,1.5,-1,"Trad, TR",5.5,1,35,36.1534,-115.43171
"Head Gear","Cut Your Teeth Crag > Guardian Angel East > Calico Basin > Red Rocks > Southern Nevada > Nevada",https://www.mountainproject.com/route/106814083/head-gear,2.0,-1,"Trad, TR","5.8 PG13",1,80,36.1534,-115.43171
"Crack To Slab","Cowlick Crag > Guardian Angel East > Calico Basin > Red Rocks > Southern Nevada > Nevada",https://www.mountainproject.com/route/113972384/crack-to-slab,1.8,-1,"Trad, TR",5.5,1,30,36.15204,-115.42795
"Blind Faith","Cowlick Crag > Guardian Angel East > Calico Basin > Red Rocks > Southern Nevada > Nevada",https://www.mountainproject.com/route/107222004/blind-faith,1.9,-1,"Trad, TR",5.7,1,50,36.15204,-115.42795
"Don’t Break The Flake","Brownstone Basin > Calico Basin > Red Rocks > Southern Nevada > Nevada",https://www.mountainproject.com/route/200485628/dont-break-the-flake,3.0,-1,Trad,5.8,1,35,36.17585,-115.41755
"Flyin' Brian Approved","The Owl's Den > Ash Spring > Calico Basin > Red Rocks > Southern Nevada > Nevada",https://www.mountainproject.com/route/111835333/flyin-brian-approved,2.0,-1,Trad,5.10a,1,60,36.1581,-115.43399
Skullduggery,"The Fringe > Ash Canyon > Ash Spring > Calico Basin > Red Rocks > Southern Nevada > Nevada",https://www.mountainproject.com/route/107612055/skullduggery,2.4,-1,Trad,5.10-,2,80,36.16162,-115.43509
"Behind the Line","The Overlook > Ash Canyon > Ash Spring > Calico Basin > Red Rocks > Southern Nevada > Nevada",https://www.mountainproject.com/route/116744774/behind-the-line,2.4,-1,Trad,"5.8 PG13",1,100,36.16059,-115.43522
"Double Decker Couch","The Kragle > Ash Canyon > Ash Spring > Calico Basin > Red Rocks > Southern Nevada > Nevada",https://www.mountainproject.com/route/117065709/double-decker-couch,3.0,-1,Trad,5.10a,1,65,36.16158,-115.43571
"Thing 2","Northeast Side > Ash Canyon > Ash Spring > Calico Basin > Red Rocks > Southern Nevada > Nevada",https://www.mountainproject.com/route/121925320/thing-2,2.7,-1,"Trad, TR",5.9-,2,150,36.16138,-115.43305
"J Nasties","Northeast Side > Ash Canyon > Ash Spring > Calico Basin > Red Rocks > Southern Nevada > Nevada",https://www.mountainproject.com/route/110982146/j-nasties,1.0,-1,Trad,5.10a,1,60,36.16138,-115.43305
"The Grand Slab","Northeast Side > Ash Canyon > Ash Spring > Calico Basin > Red Rocks > Southern Nevada > Nevada",https://www.mountainproject.com/route/122153068/the-grand-slab,2.0,-1,Trad,"5.10- PG13",3,400,36.16138,-115.43305
"Thing 1","Northeast Side > Ash Canyon > Ash Spring > Calico Basin > Red Rocks > Southern Nevada > Nevada",https://www.mountainproject.com/route/121925261/thing-1,1.7,-1,"Trad, TR",5.10a/b,2,150,36.16138,-115.43305
Kanguru,"The Ashbrow > Ash Canyon > Ash Spring > Calico Basin > Red Rocks > Southern Nevada > Nevada",https://www.mountainproject.com/route/122199649/kanguru,2.0,-1,Trad,5.9,1,95,36.16214,-115.43519
"ICE is Coming","Visa Expired > Ash Canyon > Ash Spring > Calico Basin > Red Rocks > Southern Nevada > Nevada",https://www.mountainproject.com/route/123124819/ice-is-coming,3.0,-1,"Trad, TR",5.5,1,100,36.16089,-115.43176
Psionic,"Midway Crag > Ash Canyon > Ash Spring > Calico Basin > Red Rocks > Southern Nevada > Nevada",https://www.mountainproject.com/route/124776488/psionic,2.3,-1,Trad,5.9+,1,115,36.16273,-115.43674
"Disclosure (Trad variation)","Tank Peak, East Face > Ash Canyon > Ash Spring > Calico Basin > Red Rocks > Southern Nevada > Nevada",https://www.mountainproject.com/route/124802502/disclosure-trad-variation,2.5,-1,Trad,5.9,5,450,36.16263,-115.43697
Spate,"Tank Peak, East Face > Ash Canyon > Ash Spring > Calico Basin > Red Rocks > Southern Nevada > Nevada",https://www.mountainproject.com/route/124800452/spate,1.5,-1,Trad,5.10a,5,465,36.16263,-115.43697
"Full Spate","Tank Peak, East Face > Ash Canyon > Ash Spring > Calico Basin > Red Rocks > Southern Nevada > Nevada",https://www.mountainproject.com/route/124800734/full-spate,2.0,-1,Trad,5.10a,9,850,36.16263,-115.43697
"Physical Graffiti","Riding Hood Wall > Red Spring > Calico Basin > Red Rocks > Southern Nevada > Nevada",https://www.mountainproject.com/route/105732266/physical-graffiti,3.1,-1,Trad,5.6,2,255,36.14947,-115.42673
"In Through the Out Door","Riding Hood Wall > Red Spring > Calico Basin > Red Rocks > Southern Nevada > Nevada",https://www.mountainproject.com/route/114615096/in-through-the-out-door,1.6,-1,Trad,5.7+,1,120,36.14947,-115.42673
"Lil' Red","Riding Hood Wall > Red Spring > Calico Basin > Red Rocks > Southern Nevada > Nevada",https://www.mountainproject.com/route/110357513/lil-red,1.5,-1,Trad,"5.9 PG13",1,140,36.14947,-115.42673
"Over the Hill to Grandmother's House","Riding Hood Wall > Red Spring > Calico Basin > Red Rocks > Southern Nevada > Nevada",https://www.mountainproject.com/route/105732269/over-the-hill-to-grandmothers-house,2.6,-1,Trad,5.9+,2,250,36.14947,-115.42673
"Riding Hood","Riding Hood Wall > Red Spring > Calico Basin > Red Rocks > Southern Nevada > Nevada",https://www.mountainproject.com/route/106775901/riding-hood,1.6,-1,Trad,5.9+,3,360,36.14947,-115.42673
"Chicken Gumbo","Upper Tier > Moderate Mecca > Red Spring > Calico Basin > Red Rocks > Southern Nevada > Nevada",https://www.mountainproject.com/route/105732233/chicken-gumbo,1.8,-1,Trad,5.6,1,50,36.14217,-115.42131
"Soupy Sales","Upper Tier > Moderate Mecca > Red Spring > Calico Basin > Red Rocks > Southern Nevada > Nevada",https://www.mountainproject.com/route/105732236/soupy-sales,1.7,-1,"Trad, TR",5.6,1,50,36.14217,-115.42131
Carpetbagger,"Upper Tier > Moderate Mecca > Red Spring > Calico Basin > Red Rocks > Southern Nevada > Nevada",https://www.mountainproject.com/route/105732263/carpetbagger,1.8,-1,Trad,5.6,1,100,36.14217,-115.42131
"From Soup to Nuts","Upper Tier > Moderate Mecca > Red Spring > Calico Basin > Red Rocks > Southern Nevada > Nevada",https://www.mountainproject.com/route/105732239/from-soup-to-nuts,1.7,-1,"Trad, TR",5.7,1,50,36.14217,-115.42131
"The Route to Mecca","Upper Tier > Moderate Mecca > Red Spring > Calico Basin > Red Rocks > Southern Nevada > Nevada",https://www.mountainproject.com/route/105733010/the-route-to-mecca,2.0,-1,Trad,5.7,1,,36.14217,-115.42131
"Sir Climbalot","Upper Tier > Moderate Mecca > Red Spring > Calico Basin > Red Rocks > Southern Nevada > Nevada",https://www.mountainproject.com/route/105733013/sir-climbalot,2.1,-1,Trad,5.7,1,90,36.14217,-115.42131
"Souper Gyro","Upper Tier > Moderate Mecca > Red Spring > Calico Basin > Red Rocks > Southern Nevada > Nevada",https://www.mountainproject.com/route/124900152/souper-gyro,0.8,-1,Trad,"5.7 PG13",1,150,36.14217,-115.42131
Muckraker,"Upper Tier > Moderate Mecca > Red Spring > Calico Basin > Red Rocks > Southern Nevada > Nevada",https://www.mountainproject.com/route/105732296/muckraker,1.8,-1,Trad,5.8,1,60,36.14217,-115.42131
"Fleet Street","Upper Tier > Moderate Mecca > Red Spring > Calico Basin > Red Rocks > Southern Nevada > Nevada",https://www.mountainproject.com/route/105732299/fleet-street,1.9,-1,Trad,"5.8 R",1,90,36.14217,-115.42131
"You Who Jim","Upper Tier > Moderate Mecca > Red Spring > Calico Basin > Red Rocks > Southern Nevada > Nevada",https://www.mountainproject.com/route/108088078/you-who-jim,1.0,-1,Trad,5.8,1,45,36.14217,-115.42131
"Valentine's Day","Upper Tier > Moderate Mecca > Red Spring > Calico Basin > Red Rocks > Southern Nevada > Nevada",https://www.mountainproject.com/route/105732245/valentines-day,2.9,-1,"Trad, TR",5.8+,1,50,36.14217,-115.42131
Boodler,"Upper Tier > Moderate Mecca > Red Spring > Calico Basin > Red Rocks > Southern Nevada > Nevada",https://www.mountainproject.com/route/106061017/boodler,1.3,-1,Trad,"5.8+ PG13",1,60,36.14217,-115.42131
"Treacherous Journey","Upper Tier > Moderate Mecca > Red Spring > Calico Basin > Red Rocks > Southern Nevada > Nevada",https://www.mountainproject.com/route/106323514/treacherous-journey,1.5,-1,Trad,5.9-,1,85,36.14217,-115.42131
"The Haj","Upper Tier > Moderate Mecca > Red Spring > Calico Basin > Red Rocks > Southern Nevada > Nevada",https://www.mountainproject.com/route/105732920/the-haj,2.5,-1,Trad,5.9,1,60,36.14217,-115.42131
"Singing Love Pen","Upper Tier > Moderate Mecca > Red Spring > Calico Basin > Red Rocks > Southern Nevada > Nevada",https://www.mountainproject.com/route/105733040/singing-love-pen,1.8,-1,Trad,5.9,1,60,36.14217,-115.42131
Carpetbeggar,"Upper Tier > Moderate Mecca > Red Spring > Calico Basin > Red Rocks > Southern Nevada > Nevada",https://www.mountainproject.com/route/202927691/carpetbeggar,1.0,-1,Trad,5.9,1,80,36.14217,-115.42131
Atavism,"Upper Tier > Moderate Mecca > Red Spring > Calico Basin > Red Rocks > Southern Nevada > Nevada",https://www.mountainproject.com/route/202927748/atavism,2.0,-1,Trad,5.9+,1,115,36.14217,-115.42131
"Pending Disaster","Upper Tier > Moderate Mecca > Red Spring > Calico Basin > Red Rocks > Southern Nevada > Nevada",https://www.mountainproject.com/route/105732290/pending-disaster,2.8,-1,Trad,5.9+,1,65,36.14217,-115.42131
"Soup Nazi","Upper Tier > Moderate Mecca > Red Spring > Calico Basin > Red Rocks > Southern Nevada > Nevada",https://www.mountainproject.com/route/105929580/soup-nazi,2.4,-1,"Trad, TR",5.10a,1,60,36.14217,-115.42131
"Sir Squeezalot","Upper Tier > Moderate Mecca > Red Spring > Calico Basin > Red Rocks > Southern Nevada > Nevada",https://www.mountainproject.com/route/202927597/sir-squeezalot,2.0,-1,Trad,5.10a,1,60,36.14217,-115.42131
"Vegans Only","Cannibal Crag > Red Spring > Calico Basin > Red Rocks > Southern Nevada > Nevada",https://www.mountainproject.com/route/121341253/vegans-only,1.3,-1,Trad,5.8,1,,36.14888,-115.42273
"Badger's Buttress","Red Springs Rock > Red Spring > Calico Basin > Red Rocks > Southern Nevada > Nevada",https://www.mountainproject.com/route/105732611/badgers-buttress,1.8,-1,Trad,5.6,1,100,36.14579,-115.42283
"Classic Corner","Red Springs Rock > Red Spring > Calico Basin > Red Rocks > Southern Nevada > Nevada",https://www.mountainproject.com/route/105732608/classic-corner,3.1,-1,Trad,5.8,1,170,36.14579,-115.42283
"Rocky Road","Red Springs Rock > Red Spring > Calico Basin > Red Rocks > Southern Nevada > Nevada",https://www.mountainproject.com/route/107430712/rocky-road,2.4,-1,Trad,5.10-,1,100,36.14579,-115.42283
"Ruta de Roja","Coco Crag > Red Spring > Calico Basin > Red Rocks > Southern Nevada > Nevada",https://www.mountainproject.com/route/105942236/ruta-de-roja,1.5,-1,Trad,5.6,1,180,36.14645,-115.42297
"Fontanar de Rojo","Coco Crag > Red Spring > Calico Basin > Red Rocks > Southern Nevada > Nevada",https://www.mountainproject.com/route/105942224/fontanar-de-rojo,1.8,-1,Trad,5.8,1,180,36.14645,-115.42297
"Coco Puffs","Coco Crag > Red Spring > Calico Basin > Red Rocks > Southern Nevada > Nevada",https://www.mountainproject.com/route/106798768/coco-puffs,2.4,-1,Trad,5.9,1,90,36.14645,-115.42297
"Post Wars","Jabba the Hutt Rock > Red Spring > Calico Basin > Red Rocks > Southern Nevada > Nevada",https://www.mountainproject.com/route/200437140/post-wars,2.2,-1,Trad,5.5,1,75,36.14604,-115.42231
"Wookie Farts","Jabba the Hutt Rock > Red Spring > Calico Basin > Red Rocks > Southern Nevada > Nevada",https://www.mountainproject.com/route/112478074/wookie-farts,1.7,-1,Trad,5.8-,1,80,36.14604,-115.42231
"Carrie Fissure","Jabba the Hutt Rock > Red Spring > Calico Basin > Red Rocks > Southern Nevada > Nevada",https://www.mountainproject.com/route/105944102/carrie-fissure,1.9,-1,Trad,5.8,1,70,36.14604,-115.42231
"Shallow Fried Cracken","Jabba the Hutt Rock > Red Spring > Calico Basin > Red Rocks > Southern Nevada > Nevada",https://www.mountainproject.com/route/105946447/shallow-fried-cracken,2.2,-1,Trad,"5.9 PG13",1,60,36.14604,-115.42231
"Aliens Have Landed","Jabba the Hutt Rock > Red Spring > Calico Basin > Red Rocks > Southern Nevada > Nevada",https://www.mountainproject.com/route/105944087/aliens-have-landed,2.1,-1,"Trad, TR","5.10- PG13",1,70,36.14604,-115.42231
"Gold Bikini & Cinnamon Bun Hairdo","Jabba the Hutt Rock > Red Spring > Calico Basin > Red Rocks > Southern Nevada > Nevada",https://www.mountainproject.com/route/105946477/gold-bikini-cinnamon-bun-hairdo,2.1,-1,Trad,"5.10- PG13",1,80,36.14604,-115.42231
"Snake Charmer","Reptile Rock > Red Spring > Calico Basin > Red Rocks > Southern Nevada > Nevada",https://www.mountainproject.com/route/106395717/snake-charmer,1.9,-1,Trad,5.7,2,200,36.15077,-115.42714
"Inclusive AF","Mermaid Buttress > Red Spring > Calico Basin > Red Rocks > Southern Nevada > Nevada",https://www.mountainproject.com/route/119909510/inclusive-af,2.3,-1,Trad,5.6,2,180,36.15044,-115.42677
"School of Rock","Red Rock Elementary School > Red Spring > Calico Basin > Red Rocks > Southern Nevada > Nevada",https://www.mountainproject.com/route/200708578/school-of-rock,2.3,-1,Trad,5.5,1,125,36.14979,-115.42685
"Teachers Pet","Red Rock Elementary School > Red Spring > Calico Basin > Red Rocks > Southern Nevada > Nevada",https://www.mountainproject.com/route/200708617/teachers-pet,2.3,-1,Trad,5.7,1,125,36.14979,-115.42685
"3D Printed Gun","Red Rock Elementary School > Red Spring > Calico Basin > Red Rocks > Southern Nevada > Nevada",https://www.mountainproject.com/route/201556429/3d-printed-gun,2.0,-1,Trad,5.8+,1,110,36.14979,-115.42685
"The Tick","The Fox Cliff > The Fox Area > Red Spring > Calico Basin > Red Rocks > Southern Nevada > Nevada",https://www.mountainproject.com/route/113987540/the-tick,1.7,-1,Trad,5.9,1,60,36.15009,-115.42819
"Lean and Languid","Below the Fox > The Fox Area > Red Spring > Calico Basin > Red Rocks > Southern Nevada > Nevada",https://www.mountainproject.com/route/109538711/lean-and-languid,0.8,-1,Trad,5.7,1,80,36.15069,-115.42831
"Loosely Put","Below the Fox > The Fox Area > Red Spring > Calico Basin > Red Rocks > Southern Nevada > Nevada",https://www.mountainproject.com/route/109538822/loosely-put,0.0,-1,Trad,"5.9 PG13",1,140,36.15069,-115.42831
"Trad Climbing is Both","The Gallery > Second Pullout (Calico II) > Red Rocks > Southern Nevada > Nevada",https://www.mountainproject.com/route/107420680/trad-climbing-is-both,1.7,-1,Trad,5.6,2,250,36.15678,-115.43822
"Magic Bus | 2332","Magic Bus > Second Pullout (Calico II) > Red Rocks > Southern Nevada > Nevada",https://www.mountainproject.com/route/105732332/magic-bus-2332,2.0,-1,Trad,"5.8 R",1,70,36.15337,-115.43547
"Ken Queasy","Magic Bus > Second Pullout (Calico II) > Red Rocks > Southern Nevada > Nevada",https://www.mountainproject.com/route/105732338/ken-queasy,1.7,-1,Trad,"5.8 PG13",1,60,36.15337,-115.43547
"Blonde Dwarf","Magic Bus > Second Pullout (Calico II) > Red Rocks > Southern Nevada > Nevada",https://www.mountainproject.com/route/105732326/blonde-dwarf,2.2,-1,"Trad, TR",5.9,1,60,36.15337,-115.43547
"A-Cute Pain","Sweet Pain Wall > Second Pullout (Calico II) > Red Rocks > Southern Nevada > Nevada",https://www.mountainproject.com/route/105732341/a-cute-pain,1.9,-1,Trad,5.8,1,50,36.15583,-115.43671
"Walking the Vertical Beach","Hunter S. Thompson Dome > Second Pullout (Calico II) > Red Rocks > Southern Nevada > Nevada",https://www.mountainproject.com/route/105800839/walking-the-vertical-beach,2.0,-1,Trad,"5.9+ PG13",1,200,36.15631,-115.43649
"Gonzo Dogs","Hunter S. Thompson Dome > Second Pullout (Calico II) > Red Rocks > Southern Nevada > Nevada",https://www.mountainproject.com/route/105813502/gonzo-dogs,1.4,-1,Trad,5.10a,2,225,36.15631,-115.43649
"The Liner","The Great Red Book Area > Second Pullout (Calico II) > Red Rocks > Southern Nevada > Nevada",https://www.mountainproject.com/route/107444508/the-liner,2.0,-1,Trad,5.6,1,90,36.15544,-115.43461
"Stone Hammer","The Great Red Book Area > Second Pullout (Calico II) > Red Rocks > Southern Nevada > Nevada",https://www.mountainproject.com/route/106738092/stone-hammer,1.2,-1,Trad,5.8,1,200,36.15544,-115.43461
"Cromulent Crack","The Great Red Book Area > Second Pullout (Calico II) > Red Rocks > Southern Nevada > Nevada",https://www.mountainproject.com/route/120582476/cromulent-crack,1.8,-1,Trad,5.8,1,60,36.15544,-115.43461
"Too School Foor Cool","The Great Red Book Area > Second Pullout (Calico II) > Red Rocks > Southern Nevada > Nevada",https://www.mountainproject.com/route/120582630/too-school-foor-cool,1.8,-1,Trad,5.8,2,150,36.15544,-115.43461
"The Curver","The Great Red Book Area > Second Pullout (Calico II) > Red Rocks > Southern Nevada > Nevada",https://www.mountainproject.com/route/121410167/the-curver,0.7,-1,Trad,5.8,1,100,36.15544,-115.43461
"Michi’s Fear","The Great Red Book Area > Second Pullout (Calico II) > Red Rocks > Southern Nevada > Nevada",https://www.mountainproject.com/route/117902326/michis-fear,1.0,-1,Trad,"5.8 PG13",2,130,36.15544,-115.43461
"Great Red Book","The Great Red Book Area > Second Pullout (Calico II) > Red Rocks > Southern Nevada > Nevada",https://www.mountainproject.com/route/105732647/great-red-book,3.4,-1,Trad,5.8,2,250,36.15544,-115.43461
"Tomato Amnesia","The Great Red Book Area > Second Pullout (Calico II) > Red Rocks > Southern Nevada > Nevada",https://www.mountainproject.com/route/106339705/tomato-amnesia,2.4,-1,Trad,5.9,3,250,36.15544,-115.43461
"Chips Ahoy","The Great Red Book Area > Second Pullout (Calico II) > Red Rocks > Southern Nevada > Nevada",https://www.mountainproject.com/route/107055103/chips-ahoy,0.5,-1,Trad,5.9,1,120,36.15544,-115.43461
"Witches Honor","The Observatory > Second Pullout (Calico II) > Red Rocks > Southern Nevada > Nevada",https://www.mountainproject.com/route/125996417/witches-honor,1.5,-1,Trad,"5.8+ PG13",2,150,36.15597,-115.4373
Warlock,"The Observatory > Second Pullout (Calico II) > Red Rocks > Southern Nevada > Nevada",https://www.mountainproject.com/route/125996426/warlock,2.0,-1,Trad,"5.9 R",1,130,36.15597,-115.4373
"Charlie Chimney","Meister's Edge > Second Pullout (Calico II) > Red Rocks > Southern Nevada > Nevada",https://www.mountainproject.com/route/124853458/charlie-chimney,2.7,-1,Trad,5.7,1,40,36.1545,-115.43738
"Jonny Jamcrack","Meister's Edge > Second Pullout (Calico II) > Red Rocks > Southern Nevada > Nevada",https://www.mountainproject.com/route/107323756/jonny-jamcrack,2.1,-1,Trad,5.8,1,60,36.1545,-115.43738
"Wack Crack","Meetup Wall > Second Pullout (Calico II) > Red Rocks > Southern Nevada > Nevada",https://www.mountainproject.com/route/107471132/wack-crack,1.8,-1,Trad,5.9,1,30,36.15699,-115.43644
"Savois Flaire","Savois Flaire Area > Second Pullout (Calico II) > Red Rocks > Southern Nevada > Nevada",https://www.mountainproject.com/route/117931829/savois-flaire,2.3,-1,Trad,5.8,1,60,36.15389,-115.43691
"Black Streak","B&W Wall > Second Pullout (Calico II) > Red Rocks > Southern Nevada > Nevada",https://www.mountainproject.com/route/118346261/black-streak,2.0,-1,"Trad, TR",5.8,1,145,36.15794,-115.44033
"Don't Come Line","B&W Wall > Second Pullout (Calico II) > Red Rocks > Southern Nevada > Nevada",https://www.mountainproject.com/route/118346479/dont-come-line,3.0,-1,"Trad, TR",5.10a,2,180,36.15794,-115.44033
"Retirement Plan","Sun City > Guardian Angel West > Second Pullout (Calico II) > Red Rocks > Southern Nevada > Nevada",https://www.mountainproject.com/route/105851602/retirement-plan,2.1,-1,Trad,5.7,2,300,36.15409,-115.43358
"Moe's Error","The Ledger Crags > White Rock Spring > Red Rocks > Southern Nevada > Nevada",https://www.mountainproject.com/route/112333253/moes-error,1.0,-1,Trad,5.6,2,160,36.16372,-115.4905
"Ben's Fault","The Ledger Crags > White Rock Spring > Red Rocks > Southern Nevada > Nevada",https://www.mountainproject.com/route/116506195/bens-fault,1.0,-1,Trad,5.8-,1,60,36.16372,-115.4905
Cornered,"The Ledger Crags > White Rock Spring > Red Rocks > Southern Nevada > Nevada",https://www.mountainproject.com/route/123474195/cornered,1.0,-1,Trad,5.8,2,200,36.16372,-115.4905
"Escape Route","The Ledger Crags > White Rock Spring > Red Rocks > Southern Nevada > Nevada",https://www.mountainproject.com/route/123474804/escape-route,1.0,-1,Trad,"5.8 PG13",2,200,36.16372,-115.4905
"The Ledger","The Ledger Crags > White Rock Spring > Red Rocks > Southern Nevada > Nevada",https://www.mountainproject.com/route/105733136/the-ledger,2.7,-1,Trad,5.8,3,240,36.16372,-115.4905
"Ram Charger Ridge","The Ledger Crags > White Rock Spring > Red Rocks > Southern Nevada > Nevada",https://www.mountainproject.com/route/202457516/ram-charger-ridge,3.0,-1,Trad,5.9,7,2000,36.16372,-115.4905
"Jumble Book","The Ledger Crags > White Rock Spring > Red Rocks > Southern Nevada > Nevada",https://www.mountainproject.com/route/202454582/jumble-book,1.0,-1,Trad,5.9,4,200,36.16372,-115.4905
"Jenga Book","The Ledger Crags > White Rock Spring > Red Rocks > Southern Nevada > Nevada",https://www.mountainproject.com/route/202454553/jenga-book,2.0,-1,Trad,5.9,4,200,36.16372,-115.4905
"Intestinal Flu","Sheep Skull Crags > White Rock Spring > Red Rocks > Southern Nevada > Nevada",https://www.mountainproject.com/route/105733139/intestinal-flu,2.6,-1,Trad,5.8,2,100,36.16269,-115.49099
"Dust to Dust","Sheep Skull Crags > White Rock Spring > Red Rocks > Southern Nevada > Nevada",https://www.mountainproject.com/route/105949850/dust-to-dust,2.0,-1,Trad,5.9,1,100,36.16269,-115.49099
"Rock, Paper, Sugar","Sheep Skull Crags > White Rock Spring > Red Rocks > Southern Nevada > Nevada",https://www.mountainproject.com/route/107286270/rock-paper-sugar,2.0,-1,Trad,5.9,1,100,36.16269,-115.49099
Pneumonia,"Sheep Skull Crags > White Rock Spring > Red Rocks > Southern Nevada > Nevada",https://www.mountainproject.com/route/111743447/pneumonia,2.0,-1,Trad,"5.9+ R",1,190,36.16269,-115.49099
"Black Glass","Sheep Skull Crags > White Rock Spring > Red Rocks > Southern Nevada > Nevada",https://www.mountainproject.com/route/105796145/black-glass,2.0,-1,Trad,5.9+,1,180,36.16269,-115.49099
"On the prowl","""On the Prowl"" Wall > White Rock Spring > Red Rocks > Southern Nevada > Nevada",https://www.mountainproject.com/route/107786739/on-the-prowl,2.0,-1,Trad,5.7,1,100,36.1704,-115.48935
"Snow Angel","""On the Prowl"" Wall > White Rock Spring > Red Rocks > Southern Nevada > Nevada",https://www.mountainproject.com/route/116380829/snow-angel,2.5,-1,Trad,5.9,1,80,36.1704,-115.48935
"Tunnel vision / stilgar  variation","Angel Food Wall > Angel Food Area > White Rock Spring > Red Rocks > Southern Nevada > Nevada",https://www.mountainproject.com/route/123759749/tunnel-vision-stilgar-variation,1.0,-1,Trad,"5.6 PG13",1,70,36.16926,-115.4896
"Glass Elevator","Angel Food Wall > Angel Food Area > White Rock Spring > Red Rocks > Southern Nevada > Nevada",https://www.mountainproject.com/route/121779797/glass-elevator,2.6,-1,Trad,5.7,5,650,36.16926,-115.4896
"Group Therapy","Angel Food Wall > Angel Food Area > White Rock Spring > Red Rocks > Southern Nevada > Nevada",https://www.mountainproject.com/route/105732473/group-therapy,2.9,-1,Trad,5.7,6,755,36.16926,-115.4896
"Tunnel Vision","Angel Food Wall > Angel Food Area > White Rock Spring > Red Rocks > Southern Nevada > Nevada",https://www.mountainproject.com/route/105732509/tunnel-vision,3.1,-1,Trad,5.7,6,770,36.16926,-115.4896
"Sandy Hole","Angel Food Wall > Angel Food Area > White Rock Spring > Red Rocks > Southern Nevada > Nevada",https://www.mountainproject.com/route/106085157/sandy-hole,2.6,-1,Trad,5.7,3,400,36.16926,-115.4896
"Stark Options","Angel Food Wall > Angel Food Area > White Rock Spring > Red Rocks > Southern Nevada > Nevada",https://www.mountainproject.com/route/126214444/stark-options,3.0,-1,Trad,"5.8 PG13",5,600,36.16926,-115.4896
"Healy's Haunted House","Angel Food Wall > Angel Food Area > White Rock Spring > Red Rocks > Southern Nevada > Nevada",https://www.mountainproject.com/route/105732569/healys-haunted-house,2.9,-1,Trad,"5.8 X",6,600,36.16926,-115.4896
"Stilgar's Wild Ride","Angel Food Wall > Angel Food Area > White Rock Spring > Red Rocks > Southern Nevada > Nevada",https://www.mountainproject.com/route/105732851/stilgars-wild-ride,2.7,-1,Trad,5.8,6,700,36.16926,-115.4896
"Purblind Pillar","Angel Food Wall > Angel Food Area > White Rock Spring > Red Rocks > Southern Nevada > Nevada",https://www.mountainproject.com/route/105821892/purblind-pillar,3.1,-1,Trad,5.8,6,900,36.16926,-115.4896
